Length,Non-standard basepairs,F1 score
54.0,0.0,1.0
189.0,2.0,0.9142857193946838
216.0,3.0,0.9464285373687744
226.0,4.0,0.9661016464233398
230.0,3.0,0.9473683834075928
244.0,7.0,0.9207547307014464
249.0,7.0,0.9047618508338928
260.0,5.0,0.9436619877815248
260.0,5.0,0.9436619877815248
260.0,6.0,0.936170220375061
261.0,6.0,0.9379310011863708
261.0,5.0,0.9064748287200928
262.0,5.0,0.911764681339264
264.0,5.0,0.9452055096626282
264.0,5.0,0.9452055096626282
264.0,5.0,0.9452055096626282
264.0,5.0,0.9452055096626282
267.0,4.0,0.9127516746520996
268.0,3.0,0.973913073539734
268.0,3.0,0.973913073539734
282.0,5.0,0.9491525292396544
296.0,3.0,0.9489050507545472
315.0,3.0,0.9790210127830504
326.0,7.0,0.9397590160369872
333.0,5.0,0.8226949572563171
345.0,5.0,0.914893627166748
361.0,7.0,0.916201114654541
369.0,4.0,0.9450549483299256
372.0,10.0,0.8838526606559753
376.0,5.0,0.9275362491607666
378.0,5.0,0.9333333373069764
379.0,5.0,0.92233008146286
383.0,9.0,0.9230769276618958
386.0,7.0,0.9128205180168152
389.0,8.0,0.9449838399887084
392.0,5.0,0.9558441042900084
397.0,6.0,0.9238094687461852
400.0,5.0,0.9238845109939576
401.0,5.0,0.9246231317520142
403.0,10.0,0.9411765336990356
408.0,6.0,0.8888888359069824
408.0,4.0,0.9296636581420898
411.0,9.0,0.9429429173469543
411.0,9.0,0.9429429173469543
411.0,9.0,0.9429429173469543
411.0,9.0,0.9429429173469543
411.0,9.0,0.9429429173469543
411.0,9.0,0.9429429173469543
411.0,9.0,0.9429429173469543
411.0,9.0,0.9429429173469543
413.0,6.0,0.9285714626312256
418.0,7.0,0.9491525292396544
418.0,5.0,0.9363636374473572
420.0,8.0,0.9200000166893004
422.0,8.0,0.9287598729133606
424.0,9.0,0.9498680233955384
424.0,8.0,0.9553805589675904
424.0,8.0,0.9553805589675904
427.0,7.0,0.9330254197120668
431.0,7.0,0.9065421223640442
433.0,7.0,0.9284164905548096
435.0,6.0,0.926503360271454
437.0,8.0,0.900990068912506
441.0,5.0,0.9339622259140016
443.0,10.0,0.9426751732826232
446.0,5.0,0.9363636374473572
448.0,9.0,0.939393937587738
451.0,13.0,0.918181836605072
455.0,9.0,0.9375
459.0,9.0,0.9266408681869508
461.0,6.0,0.9420849084854126
464.0,10.0,0.9336016178131104
464.0,10.0,0.9336016178131104
464.0,4.0,0.9369369149208068
464.0,10.0,0.9336016178131104
465.0,11.0,0.9292929768562316
466.0,6.0,0.9075630307197572
469.0,9.0,0.9407407641410828
469.0,8.0,0.9269311428070068
471.0,8.0,0.9306122660636902
472.0,8.0,0.921843647956848
476.0,9.0,0.9313725233078004
478.0,8.0,0.9302325248718262
480.0,9.0,0.9270386099815368
484.0,9.0,0.9442378878593444
487.0,9.0,0.9384615421295166
489.0,8.0,0.9430894255638124
494.0,11.0,0.9323307871818542
496.0,9.0,0.9275362491607666
497.0,9.0,0.9291338324546814
498.0,12.0,0.9242424368858336
500.0,8.0,0.9307692050933838
500.0,8.0,0.9273084998130798
502.0,10.0,0.9365079402923584
504.0,7.0,0.9593495726585388
508.0,8.0,0.929729700088501
510.0,6.0,0.9411764740943908
512.0,5.0,0.9519650936126708
515.0,8.0,0.9338234663009644
517.0,8.0,0.8646464943885803
518.0,10.0,0.935714304447174
521.0,14.0,0.906474769115448
522.0,5.0,0.9403508901596068
524.0,12.0,0.9291338324546814
528.0,7.0,0.9527272582054138
528.0,7.0,0.9527272582054138
529.0,8.0,0.9264705777168274
530.0,7.0,0.9527272582054138
532.0,7.0,0.9140625596046448
534.0,5.0,0.9619238376617432
535.0,10.0,0.937062919139862
535.0,9.0,0.937062919139862
536.0,11.0,0.9419795274734496
537.0,8.0,0.9485293626785278
538.0,8.0,0.9411765336990356
540.0,7.0,0.9287019968032836
543.0,7.0,0.9562044143676758
546.0,10.0,0.9383561611175536
547.0,6.0,0.936170220375061
549.0,5.0,0.9455910325050354
550.0,7.0,0.939068078994751
550.0,7.0,0.9415807723999025
551.0,5.0,0.92599618434906
553.0,14.0,0.900900900363922
554.0,6.0,0.9655172228813172
556.0,9.0,0.9321739077568054
559.0,8.0,0.9407407641410828
560.0,10.0,0.932604730129242
560.0,5.0,0.9393414258956908
561.0,9.0,0.9281961917877196
563.0,5.0,0.9675089716911316
563.0,5.0,0.9675089716911316
563.0,7.0,0.937704861164093
563.0,5.0,0.9675089716911316
564.0,8.0,0.9352518320083618
564.0,5.0,0.967272698879242
564.0,8.0,0.9527273178100586
564.0,5.0,0.9637681245803832
564.0,5.0,0.967272698879242
565.0,7.0,0.9492753744125366
565.0,6.0,0.9530685544013976
567.0,7.0,0.9381817579269408
568.0,13.0,0.8717948198318481
571.0,15.0,0.9199318289756776
573.0,7.0,0.9010988473892212
576.0,7.0,0.9110320806503296
583.0,10.0,0.95563143491745
586.0,6.0,0.9552238583564758
587.0,9.0,0.9468267560005188
588.0,10.0,0.9335604906082152
590.0,10.0,0.937062919139862
593.0,10.0,0.938435971736908
597.0,5.0,0.9453375935554504
600.0,7.0,0.9395509362220764
602.0,12.0,0.9067641496658324
608.0,11.0,0.9263803362846376
610.0,7.0,0.9407665729522704
612.0,5.0,0.938906729221344
614.0,10.0,0.9245901703834534
615.0,21.0,0.7355623245239258
619.0,13.0,0.94428151845932
621.0,8.0,0.9470198750495912
622.0,5.0,0.9448819160461426
623.0,9.0,0.9555189609527588
625.0,8.0,0.9358752369880676
629.0,9.0,0.9629629254341124
635.0,9.0,0.933115780353546
640.0,8.0,0.9391891956329346
642.0,15.0,0.9202454090118408
643.0,16.0,0.9174311757087708
646.0,10.0,0.9080119132995604
649.0,9.0,0.9512893557548524
654.0,6.0,0.949999988079071
658.0,11.0,0.943231463432312
660.0,15.0,0.9260809421539308
660.0,13.0,0.9470752477645874
663.0,14.0,0.91782945394516
666.0,7.0,0.9322034120559692
669.0,15.0,0.8751752972602844
673.0,8.0,0.9602273106575012
676.0,9.0,0.9512894153594972
679.0,21.0,0.7654320001602173
682.0,11.0,0.9230769872665404
686.0,19.0,0.9189189076423644
689.0,14.0,0.930481255054474
693.0,9.0,0.9282137155532836
696.0,10.0,0.9347496628761292
699.0,10.0,0.9465153813362122
700.0,9.0,0.9495934844017028
702.0,16.0,0.8876244425773621
707.0,10.0,0.9380530714988708
711.0,13.0,0.936170220375061
714.0,12.0,0.9304813146591188
719.0,10.0,0.9337349534034728
721.0,13.0,0.9347825646400452
724.0,9.0,0.9304677844047546
726.0,11.0,0.8690475821495056
729.0,13.0,0.913946568965912
730.0,11.0,0.9390681385993958
732.0,17.0,0.8905852437019348
734.0,6.0,0.800000011920929
738.0,12.0,0.8985506892204285
740.0,16.0,0.926261305809021
741.0,6.0,0.950276255607605
744.0,16.0,0.9155446887016296
748.0,16.0,0.921875
750.0,11.0,0.949748694896698
752.0,15.0,0.9105263352394104
754.0,9.0,0.9402984976768494
756.0,9.0,0.930747926235199
758.0,19.0,0.9303423762321472
760.0,20.0,0.8680641055107117
763.0,17.0,0.9238210320472716
764.0,17.0,0.9306488037109376
766.0,14.0,0.9003689289093018
769.0,15.0,0.9326424598693848
771.0,16.0,0.9266055226325988
771.0,16.0,0.9266055226325988
772.0,10.0,0.9389221668243408
773.0,12.0,0.9394673705101012
776.0,15.0,0.9197079539299012
777.0,9.0,0.943396270275116
779.0,14.0,0.915717601776123
780.0,14.0,0.936170220375061
781.0,17.0,0.9271206855773926
783.0,15.0,0.9259694814682008
783.0,14.0,0.9200000166893004
784.0,14.0,0.9385749697685242
785.0,12.0,0.937198042869568
786.0,14.0,0.9287469387054444
788.0,16.0,0.8862559199333191
789.0,15.0,0.915254294872284
791.0,16.0,0.934939742088318
792.0,13.0,0.9187278747558594
793.0,16.0,0.9341317415237428
794.0,15.0,0.9086650609970092
795.0,14.0,0.937644362449646
796.0,15.0,0.9363745450973512
797.0,20.0,0.7679999470710754
798.0,13.0,0.940000057220459
799.0,14.0,0.937644362449646
800.0,11.0,0.9347258806228638
800.0,10.0,0.9481865167617798
800.0,11.0,0.9350649118423462
800.0,12.0,0.9427083730697632
800.0,12.0,0.9050715565681458
800.0,12.0,0.9427083730697632
800.0,10.0,0.9479166865348816
800.0,12.0,0.9427083730697632
800.0,9.0,0.9506493806838988
800.0,11.0,0.9436434507369996
800.0,10.0,0.9481865167617798
800.0,16.0,0.9322235584259032
800.0,11.0,0.9375
800.0,13.0,0.9057591557502748
801.0,13.0,0.9057591557502748
802.0,16.0,0.9300118684768676
803.0,10.0,0.9320387840270996
803.0,9.0,0.9420289993286132
804.0,15.0,0.9266589283943176
805.0,13.0,0.923450767993927
806.0,14.0,0.9379310011863708
807.0,14.0,0.932084321975708
808.0,10.0,0.9477351903915404
809.0,10.0,0.9298245906829834
811.0,23.0,0.8691476583480835
813.0,15.0,0.92093026638031
813.0,14.0,0.9351851940155028
814.0,14.0,0.937644362449646
815.0,15.0,0.9474912285804749
816.0,19.0,0.9266055226325988
816.0,15.0,0.9167616963386536
817.0,14.0,0.9387754797935486
818.0,17.0,0.9307605028152466
819.0,14.0,0.937644362449646
820.0,14.0,0.937644362449646
820.0,12.0,0.947012424468994
822.0,15.0,0.9107980728149414
823.0,10.0,0.9478458166122437
824.0,15.0,0.9387754797935486
825.0,13.0,0.9330357313156128
825.0,14.0,0.9305555820465088
825.0,18.0,0.9258028864860536
826.0,18.0,0.9315673112869264
827.0,15.0,0.91244238615036
828.0,14.0,0.9365628361701964
829.0,14.0,0.9387754797935486
831.0,10.0,0.9449541568756104
832.0,24.0,0.8699763417243958
833.0,22.0,0.9181033968925476
834.0,16.0,0.9334836602211
834.0,17.0,0.9203925728797911
835.0,12.0,0.9150623083114624
837.0,17.0,0.9289740920066832
838.0,14.0,0.9305555820465088
839.0,12.0,0.944071650505066
840.0,13.0,0.935123085975647
841.0,15.0,0.9390919208526612
842.0,16.0,0.9370166063308716
843.0,19.0,0.9022222757339478
844.0,16.0,0.935982346534729
845.0,11.0,0.9437706470489502
846.0,17.0,0.9337676763534546
847.0,18.0,0.9334787726402284
848.0,17.0,0.93246191740036
849.0,20.0,0.9211356043815612
850.0,17.0,0.8707483410835266
851.0,19.0,0.9234088063240052
854.0,15.0,0.9383783340454102
856.0,14.0,0.931447207927704
857.0,16.0,0.9304347634315492
862.0,18.0,0.9274193048477172
866.0,14.0,0.9289740324020386
869.0,14.0,0.9420289993286132
872.0,19.0,0.9274193048477172
873.0,17.0,0.9337289929389954
877.0,17.0,0.92558616399765
877.0,15.0,0.9329329133033752
880.0,20.0,0.9067797064781188
881.0,16.0,0.932270884513855
884.0,17.0,0.9321534633636476
886.0,24.0,0.9341563582420348
886.0,20.0,0.926108419895172
887.0,17.0,0.9326829314231871
887.0,10.0,0.925490140914917
889.0,15.0,0.9392033815383912
894.0,20.0,0.9254902601242064
897.0,13.0,0.9350649118423462
901.0,16.0,0.9368635416030884
902.0,16.0,0.9392712712287904
911.0,21.0,0.9160000085830688
915.0,8.0,0.9450101852416992
918.0,13.0,0.9392033815383912
921.0,10.0,0.9498910307884216
925.0,10.0,0.9498910307884216
926.0,18.0,0.9236569404602052
930.0,10.0,0.949671745300293
934.0,13.0,0.9259259700775146
938.0,15.0,0.9383783340454102
942.0,11.0,0.9491525292396544
943.0,11.0,0.946921408176422
949.0,13.0,0.935742974281311
953.0,11.0,0.9483667016029358
956.0,20.0,0.9333333373069764
959.0,11.0,0.9461457133293152
960.0,12.0,0.9418838024139404
963.0,12.0,0.944000005722046
964.0,17.0,0.9138277173042296
969.0,12.0,0.9494949579238892
974.0,16.0,0.9312376976013184
978.0,16.0,0.9402228593826294
983.0,14.0,0.9326633810997008
988.0,13.0,0.9357798099517822
1005.0,15.0,0.9443902969360352
1009.0,16.0,0.9413854479789734
1012.0,22.0,0.9250456690788268
1024.0,18.0,0.89952152967453
1031.0,20.0,0.9317269325256348
1054.0,18.0,0.9140833020210266
1067.0,22.0,0.8584643602371216
1073.0,15.0,0.9605608582496644
1079.0,15.0,0.9053658843040466
1090.0,15.0,0.9409751892089844
1099.0,15.0,0.9409780502319336
1109.0,19.0,0.91929829120636
1119.0,12.0,0.9468438625335692
1137.0,19.0,0.9417322874069214
1150.0,20.0,0.9371519684791564
1160.0,17.0,0.925895094871521
1175.0,15.0,0.9174603819847108
1180.0,17.0,0.9308975338935852
1184.0,24.0,0.931380033493042
1186.0,19.0,0.925190806388855
1192.0,24.0,0.9154228568077089
1198.0,15.0,0.949367105960846
1202.0,14.0,0.9512195587158204
1209.0,19.0,0.9275362491607666
1213.0,23.0,0.9198718070983888
1216.0,16.0,0.9331259727478028
1225.0,15.0,0.9482625722885132
1232.0,19.0,0.9323077201843262
1237.0,19.0,0.9353383183479308
1239.0,18.0,0.9465875625610352
1240.0,18.0,0.937313437461853
1244.0,17.0,0.9481707811355592
1246.0,18.0,0.9462686777114868
1247.0,22.0,0.936495840549469
1248.0,19.0,0.9449541568756104
1251.0,22.0,0.932330846786499
1255.0,19.0,0.9449541568756104
1258.0,16.0,0.9497717022895812
1262.0,21.0,0.9284627437591552
1266.0,25.0,0.890216588973999
1270.0,22.0,0.9125364422798156
1279.0,22.0,0.9321452975273132
1284.0,21.0,0.939306378364563
1287.0,22.0,0.9323307871818542
1293.0,16.0,0.9489489793777466
1297.0,21.0,0.9410112500190736
1303.0,15.0,0.95210862159729
1306.0,17.0,0.948190212249756
1308.0,22.0,0.9330628514289856
1311.0,20.0,0.9271339178085328
1313.0,15.0,0.95210862159729
1313.0,24.0,0.915325403213501
1313.0,15.0,0.95210862159729
1314.0,21.0,0.924554169178009
1315.0,25.0,0.911931812763214
1318.0,17.0,0.937718629837036
1319.0,16.0,0.9484239816665648
1320.0,32.0,0.8257687091827393
1322.0,16.0,0.9348556399345398
1323.0,29.0,0.9125682711601256
1325.0,17.0,0.9500713348388672
1326.0,20.0,0.9413447380065918
1327.0,20.0,0.9350282549858092
1328.0,17.0,0.939130425453186
1330.0,15.0,0.9418060183525084
1332.0,13.0,0.956341028213501
1333.0,22.0,0.944444477558136
1334.0,23.0,0.9450101852416992
1334.0,22.0,0.9411765336990356
1335.0,18.0,0.9472222328186036
1335.0,16.0,0.948682427406311
1335.0,15.0,0.948682427406311
1335.0,21.0,0.9415041208267212
1337.0,17.0,0.9461756348609924
1338.0,27.0,0.8999328017234802
1338.0,23.0,0.919508934020996
1340.0,24.0,0.9269255995750428
1340.0,24.0,0.9430676698684692
1341.0,19.0,0.9433169960975648
1342.0,29.0,0.9113923907279968
1343.0,21.0,0.9416725039482116
1344.0,19.0,0.9475138187408448
1344.0,18.0,0.9388614892959596
1344.0,20.0,0.935870349407196
1344.0,21.0,0.9327237010002136
1346.0,18.0,0.9473684430122375
1347.0,26.0,0.9387186765670776
1348.0,22.0,0.9387474060058594
1349.0,29.0,0.8360902070999146
1351.0,22.0,0.937541961669922
1352.0,19.0,0.9338959455490112
1353.0,28.0,0.9022346138954164
1355.0,21.0,0.9376285076141356
1356.0,21.0,0.9277356863021852
1358.0,25.0,0.9243466258049012
1359.0,21.0,0.923497200012207
1359.0,22.0,0.9331514239311218
1361.0,24.0,0.913103461265564
1361.0,24.0,0.9046320915222168
1362.0,24.0,0.9208053350448608
1363.0,21.0,0.9410204887390136
1364.0,24.0,0.9208053350448608
1365.0,17.0,0.9486486315727234
1366.0,19.0,0.9406952857971193
1366.0,25.0,0.92103511095047
1367.0,24.0,0.9306545853614808
1367.0,24.0,0.9306545853614808
1367.0,19.0,0.9428387880325316
1368.0,21.0,0.9356277585029602
1369.0,20.0,0.9386667013168336
1369.0,17.0,0.930051863193512
1370.0,30.0,0.9209993481636048
1370.0,19.0,0.9437585473060608
1371.0,21.0,0.9304813146591188
1372.0,22.0,0.9394145011901855
1373.0,24.0,0.9217171669006348
1373.0,17.0,0.9510869979858398
1374.0,17.0,0.9434220194816588
1374.0,25.0,0.9285262823104858
1375.0,24.0,0.9337539672851562
1375.0,24.0,0.9337539672851562
1375.0,25.0,0.931056261062622
1375.0,25.0,0.929879903793335
1375.0,24.0,0.9324068427085876
1375.0,24.0,0.8620198965072632
1376.0,25.0,0.9337539672851562
1376.0,24.0,0.935097634792328
1376.0,26.0,0.931056261062622
1376.0,25.0,0.9325771331787108
1376.0,26.0,0.9337539672851562
1376.0,26.0,0.929879903793335
1376.0,24.0,0.935097634792328
1376.0,24.0,0.935097634792328
1376.0,24.0,0.9337539672851562
1376.0,21.0,0.9370344877243042
1376.0,25.0,0.9337539672851562
1376.0,26.0,0.9258084297180176
1376.0,21.0,0.9426063299179076
1377.0,20.0,0.9379128813743592
1378.0,30.0,0.9201277494430542
1379.0,31.0,0.9138888716697692
1379.0,25.0,0.9413332939147948
1379.0,21.0,0.9441488981246948
1380.0,25.0,0.9286190867424012
1381.0,22.0,0.9391534328460692
1382.0,22.0,0.9339437484741212
1382.0,23.0,0.929671823978424
1383.0,23.0,0.9417852759361268
1384.0,23.0,0.9342693090438844
1384.0,22.0,0.9434953927993774
1384.0,21.0,0.9448819160461426
1385.0,26.0,0.9121395349502563
1385.0,21.0,0.9372496604919434
1386.0,23.0,0.9320635199546814
1386.0,25.0,0.9292929172515868
1387.0,23.0,0.9417852759361268
1387.0,20.0,0.937875747680664
1388.0,21.0,0.9298800230026244
1388.0,26.0,0.9250157475471495
1388.0,22.0,0.9401158690452576
1389.0,27.0,0.930407464504242
1389.0,27.0,0.930407464504242
1389.0,26.0,0.9242618680000304
1389.0,21.0,0.9355847835540771
1390.0,21.0,0.8682593703269958
1390.0,24.0,0.9340369701385498
1390.0,23.0,0.9337620735168456
1390.0,20.0,0.9334213137626648
1391.0,20.0,0.946959912776947
1391.0,23.0,0.9342516660690308
1392.0,24.0,0.9331619143486024
1392.0,24.0,0.9345314502716064
1392.0,24.0,0.9345314502716064
1392.0,24.0,0.9345314502716064
1392.0,24.0,0.9345314502716064
1393.0,20.0,0.9365598559379578
1393.0,23.0,0.9374201893806458
1394.0,26.0,0.9358974695205688
1394.0,24.0,0.9342692494392396
1395.0,21.0,0.93782377243042
1395.0,20.0,0.9466238021850586
1396.0,23.0,0.9346991181373596
1396.0,20.0,0.9405815601348876
1396.0,24.0,0.9357326626777648
1396.0,18.0,0.9393346309661864
1396.0,30.0,0.9112271666526794
1396.0,31.0,0.9080079793930054
1396.0,27.0,0.9209003448486328
1397.0,19.0,0.9397749900817872
1398.0,25.0,0.9346031546592712
1398.0,24.0,0.9330783486366272
1399.0,25.0,0.9369828701019288
1399.0,16.0,0.941176414489746
1399.0,21.0,0.940397322177887
1400.0,25.0,0.9351969361305236
1400.0,21.0,0.9448819160461426
1400.0,24.0,0.9360613822937012
1400.0,23.0,0.923076868057251
1400.0,22.0,0.935097634792328
1401.0,20.0,0.9238776564598083
1401.0,22.0,0.9392610788345336
1401.0,25.0,0.9269841313362122
1401.0,22.0,0.9392610788345336
1401.0,22.0,0.9392610788345336
1402.0,25.0,0.9350318312644958
1402.0,23.0,0.9315756559371948
1402.0,25.0,0.9350318312644958
1402.0,20.0,0.9475780129432678
1402.0,25.0,0.9405477046966552
1402.0,25.0,0.9350318312644958
1403.0,24.0,0.9355246424674988
1403.0,24.0,0.9332485795021056
1403.0,20.0,0.948344349861145
1404.0,31.0,0.9277184009552002
1404.0,24.0,0.9430463910102844
1405.0,24.0,0.9372280836105348
1405.0,24.0,0.9373837113380432
1405.0,20.0,0.9477167129516602
1405.0,19.0,0.9360580444335938
1405.0,23.0,0.9302931427955629
1406.0,26.0,0.932235598564148
1406.0,24.0,0.9334179162979126
1406.0,20.0,0.9374588131904602
1406.0,24.0,0.9351621270179749
1407.0,21.0,0.9465072751045228
1407.0,25.0,0.934742033481598
1407.0,21.0,0.93325012922287
1407.0,22.0,0.936170220375061
1408.0,24.0,0.930417537689209
1408.0,24.0,0.934903919696808
1408.0,25.0,0.9375386238098145
1409.0,25.0,0.93325012922287
1409.0,21.0,0.9513108730316162
1409.0,25.0,0.93325012922287
1409.0,21.0,0.9388265013694764
1409.0,28.0,0.9334162473678588
1409.0,24.0,0.9345794320106506
1409.0,22.0,0.9388265013694764
1409.0,21.0,0.9388265013694764
1409.0,22.0,0.9450830221176147
1409.0,24.0,0.9345794320106506
1410.0,21.0,0.9355048537254332
1410.0,24.0,0.9378461837768556
1410.0,24.0,0.9378461837768556
1410.0,24.0,0.9365373253822328
1410.0,24.0,0.9378461837768556
1411.0,24.0,0.9362229704856871
1411.0,23.0,0.9362229704856871
1411.0,28.0,0.9204912781715392
1411.0,27.0,0.9281627535820008
1411.0,19.0,0.936005175113678
1412.0,29.0,0.915000021457672
1412.0,22.0,0.9395807981491088
1412.0,22.0,0.9395807981491088
1412.0,24.0,0.9363805055618286
1412.0,26.0,0.9345794320106506
1412.0,25.0,0.9171483516693116
1412.0,24.0,0.9363805055618286
1413.0,21.0,0.9374201893806458
1413.0,26.0,0.9334178566932678
1413.0,25.0,0.9370716214179992
1413.0,27.0,0.9315756559371948
1413.0,20.0,0.9254108667373656
1414.0,21.0,0.9481865167617798
1414.0,24.0,0.9397141337394714
1414.0,27.0,0.93325012922287
1415.0,25.0,0.9341614842414856
1415.0,27.0,0.9314391613006592
1415.0,26.0,0.9325625896453856
1415.0,29.0,0.9263687133789062
1415.0,19.0,0.9385908246040344
1416.0,29.0,0.921885073184967
1416.0,22.0,0.9456384181976318
1416.0,19.0,0.9420751333236694
1417.0,25.0,0.8987590074539185
1417.0,20.0,0.9377007484436036
1417.0,25.0,0.9165628552436828
1417.0,23.0,0.9330878257751464
1418.0,19.0,0.9392194747924804
1418.0,27.0,0.938431680202484
1419.0,26.0,0.9258543252944946
1419.0,19.0,0.9445843696594238
1419.0,25.0,0.9326805472373962
1419.0,16.0,0.9438485503196716
1419.0,26.0,0.8928327560424805
1419.0,17.0,0.9426433444023132
1420.0,25.0,0.9303514361381532
1420.0,22.0,0.9339319467544556
1420.0,23.0,0.934101104736328
1420.0,25.0,0.931034505367279
1420.0,22.0,0.9226837158203124
1421.0,28.0,0.896244466304779
1421.0,22.0,0.93546324968338
1421.0,25.0,0.9363250732421876
1421.0,23.0,0.9380862712860109
1421.0,22.0,0.9467607140541076
1422.0,22.0,0.9400244951248168
1422.0,18.0,0.925116002559662
1422.0,21.0,0.9405815601348876
1423.0,22.0,0.937700629234314
1423.0,25.0,0.9402891397476196
1423.0,21.0,0.935524582862854
1423.0,21.0,0.9356277585029602
1424.0,32.0,0.882758617401123
1424.0,22.0,0.9368029832839966
1424.0,29.0,0.9000661969184875
1424.0,22.0,0.9404228329658508
1425.0,26.0,0.9377289414405824
1425.0,23.0,0.9425742626190186
1425.0,24.0,0.9411765336990356
1425.0,24.0,0.9179518818855286
1426.0,23.0,0.9302899241447448
1426.0,26.0,0.9253547191619872
1426.0,27.0,0.93325012922287
1426.0,24.0,0.9320871829986572
1426.0,21.0,0.9410256147384644
1426.0,31.0,0.9059500694274902
1426.0,26.0,0.9331651926040648
1426.0,24.0,0.9397141337394714
1427.0,26.0,0.940587878227234
1427.0,22.0,0.9341160655021667
1427.0,24.0,0.9375765323638916
1427.0,25.0,0.9333333373069764
1428.0,23.0,0.9369258880615234
1428.0,27.0,0.921951174736023
1428.0,25.0,0.9419113397598268
1428.0,22.0,0.9277955293655396
1429.0,28.0,0.9379310011863708
1429.0,26.0,0.9318045377731324
1429.0,19.0,0.9404990077018738
1429.0,22.0,0.9416393637657166
1430.0,30.0,0.910224437713623
1430.0,21.0,0.9232720136642456
1430.0,21.0,0.939563810825348
1430.0,23.0,0.9370030760765076
1430.0,21.0,0.9451795816421508
1430.0,24.0,0.9362244606018066
1431.0,29.0,0.9029850959777832
1431.0,22.0,0.9386189579963684
1431.0,24.0,0.9350976943969728
1432.0,24.0,0.9375765323638916
1432.0,22.0,0.9088608026504515
1432.0,27.0,0.9414694905281068
1432.0,31.0,0.9078540802001952
1432.0,19.0,0.9181585311889648
1432.0,23.0,0.9422221779823304
1432.0,24.0,0.9375765323638916
1433.0,30.0,0.925742506980896
1433.0,26.0,0.9363805055618286
1433.0,24.0,0.934903919696808
1433.0,27.0,0.9401496648788452
1433.0,25.0,0.9371567964553832
1433.0,26.0,0.9133663177490234
1434.0,23.0,0.9362745881080629
1434.0,25.0,0.9351621270179749
1434.0,24.0,0.9373098015785216
1434.0,24.0,0.9320388436317444
1434.0,21.0,0.9397141337394714
1435.0,23.0,0.9370716214179992
1435.0,25.0,0.9388989806175232
1435.0,32.0,0.9122373461723328
1435.0,30.0,0.8836633563041687
1435.0,28.0,0.9217603802680968
1435.0,25.0,0.9332517385482788
1435.0,32.0,0.9263158440589904
1436.0,24.0,0.9335771203041076
1436.0,25.0,0.8894535899162292
1436.0,23.0,0.9318463802337646
1436.0,25.0,0.9357011914253236
1436.0,24.0,0.9376135468482972
1436.0,26.0,0.9365853667259216
1436.0,25.0,0.9375
1437.0,22.0,0.932835817337036
1437.0,25.0,0.9026548862457277
1437.0,24.0,0.9358128309249878
1437.0,24.0,0.9355847239494324
1437.0,23.0,0.938601851463318
1437.0,22.0,0.9397443532943726
1437.0,30.0,0.9126691222190856
1437.0,26.0,0.9133247137069702
1438.0,21.0,0.9353234171867372
1438.0,25.0,0.9413249492645264
1438.0,24.0,0.9248263239860536
1438.0,22.0,0.9265255331993104
1438.0,24.0,0.9320634603500366
1439.0,28.0,0.9156923294067384
1439.0,25.0,0.933746099472046
1439.0,30.0,0.9245861768722534
1439.0,28.0,0.9348752498626708
1439.0,24.0,0.9204406142234802
1440.0,24.0,0.9379144310951232
1440.0,25.0,0.933909833431244
1440.0,25.0,0.943960189819336
1440.0,23.0,0.938601851463318
1440.0,25.0,0.936170220375061
1440.0,24.0,0.9358582496643066
1441.0,26.0,0.9275715351104736
1441.0,26.0,0.936170220375061
1441.0,26.0,0.936067521572113
1441.0,22.0,0.9367850422859192
1441.0,24.0,0.9367850422859192
1442.0,24.0,0.938144326210022
1442.0,26.0,0.934486985206604
1442.0,24.0,0.9350961446762084
1442.0,24.0,0.9350961446762084
1443.0,27.0,0.9338993430137634
1443.0,23.0,0.9397141337394714
1443.0,21.0,0.9410349130630492
1443.0,28.0,0.9340593218803406
1443.0,28.0,0.9320388436317444
1443.0,22.0,0.9434650540351868
1444.0,23.0,0.941911280155182
1444.0,24.0,0.9386733770370485
1444.0,24.0,0.940587878227234
1444.0,24.0,0.9363745450973512
1444.0,24.0,0.9363745450973512
1445.0,27.0,0.9215922355651855
1445.0,26.0,0.9342347383499146
1445.0,26.0,0.9338147044181824
1445.0,26.0,0.930176079273224
1445.0,25.0,0.9303451776504515
1446.0,25.0,0.9343960881233216
1446.0,27.0,0.925301194190979
1446.0,25.0,0.9351907968521118
1446.0,21.0,0.933083176612854
1446.0,25.0,0.9345345497131348
1447.0,24.0,0.9379144310951232
1447.0,22.0,0.93764990568161
1447.0,23.0,0.9380637407302856
1447.0,26.0,0.9348752498626708
1447.0,25.0,0.9388511776924132
1447.0,25.0,0.9265944957733154
1448.0,29.0,0.9217910766601562
1448.0,26.0,0.9330877661705016
1448.0,30.0,0.9322757720947266
1448.0,31.0,0.92233008146286
1448.0,25.0,0.8810250163078308
1448.0,24.0,0.9435133337974548
1448.0,28.0,0.9302884340286256
1449.0,22.0,0.939339280128479
1449.0,24.0,0.8990476131439209
1449.0,25.0,0.925659477710724
1449.0,24.0,0.9339736104011536
1449.0,20.0,0.9385074377059937
1449.0,25.0,0.9339736104011536
1449.0,25.0,0.9339736104011536
1450.0,24.0,0.9403254985809326
1450.0,25.0,0.9390464425086976
1450.0,25.0,0.9344457983970642
1450.0,26.0,0.9383602738380432
1450.0,27.0,0.921052634716034
1450.0,26.0,0.9354067444801332
1450.0,25.0,0.929729700088501
1450.0,29.0,0.9315726161003112
1450.0,22.0,0.9295604825019836
1450.0,25.0,0.9341317415237428
1450.0,26.0,0.933174192905426
1450.0,27.0,0.9304555654525756
1451.0,26.0,0.9288299083709716
1451.0,20.0,0.942189395427704
1451.0,24.0,0.9363745450973512
1451.0,25.0,0.93341326713562
1451.0,31.0,0.9371146559715272
1451.0,24.0,0.928400993347168
1452.0,29.0,0.9173652529716492
1452.0,29.0,0.932692289352417
1452.0,31.0,0.9074410796165466
1452.0,28.0,0.9302884340286256
1452.0,28.0,0.9219688177108764
1453.0,22.0,0.9403425455093384
1453.0,22.0,0.9406118988990784
1453.0,23.0,0.9382715821266174
1453.0,24.0,0.931572675704956
1453.0,25.0,0.9355033040046692
1453.0,26.0,0.9373493790626526
1454.0,24.0,0.9308478832244872
1454.0,22.0,0.9301205277442932
1454.0,25.0,0.9342347383499146
1454.0,31.0,0.9275014996528624
1454.0,30.0,0.931776225566864
1454.0,26.0,0.931307017803192
1454.0,26.0,0.9354839324951172
1454.0,26.0,0.934601664543152
1455.0,24.0,0.9350961446762084
1455.0,26.0,0.9335770606994628
1455.0,28.0,0.8983050584793091
1455.0,23.0,0.9382123947143556
1455.0,26.0,0.9347568154335022
1456.0,23.0,0.9401812553405762
1456.0,25.0,0.9359129071235656
1456.0,26.0,0.9343960881233216
1456.0,23.0,0.9386539459228516
1456.0,24.0,0.937462031841278
1457.0,24.0,0.9416058659553528
1457.0,25.0,0.9372384548187256
1457.0,24.0,0.9276073575019836
1457.0,26.0,0.9337385892868042
1457.0,22.0,0.9358025193214417
1458.0,20.0,0.9395807981491088
1458.0,24.0,0.9232657551765442
1458.0,29.0,0.8912783861160278
1458.0,22.0,0.9378330707550048
1459.0,23.0,0.9379475116729736
1459.0,27.0,0.931506872177124
1459.0,26.0,0.9342184662818908
1459.0,24.0,0.9340593218803406
1460.0,21.0,0.9331742525100708
1460.0,24.0,0.9383313059806824
1460.0,20.0,0.9368295669555664
1460.0,48.0,0.8641975522041321
1460.0,24.0,0.939193308353424
1461.0,26.0,0.9351907968521118
1461.0,24.0,0.9397733807563782
1461.0,25.0,0.9384800791740416
1461.0,28.0,0.9290478825569152
1462.0,22.0,0.925301194190979
1462.0,28.0,0.9338892102241516
1462.0,24.0,0.935920000076294
1462.0,26.0,0.9217603802680968
1463.0,24.0,0.936271607875824
1463.0,24.0,0.9349111914634703
1463.0,25.0,0.9353474378585817
1463.0,28.0,0.9181929230690002
1464.0,28.0,0.9253187775611876
1464.0,28.0,0.932132124900818
1464.0,27.0,0.9327781200408936
1464.0,25.0,0.9393203854560852
1464.0,24.0,0.9249394536018372
1464.0,24.0,0.9348209500312804
1465.0,26.0,0.931506872177124
1465.0,25.0,0.9383602738380432
1465.0,23.0,0.9400363564491272
1466.0,27.0,0.9325443506240844
1466.0,26.0,0.9353474378585817
1466.0,36.0,0.9016100764274596
1466.0,27.0,0.924379825592041
1466.0,22.0,0.942148745059967
1466.0,31.0,0.920376181602478
1467.0,31.0,0.9254807829856871
1467.0,26.0,0.9356584548950196
1467.0,29.0,0.9365737438201904
1467.0,27.0,0.93341326713562
1467.0,25.0,0.9282297492027284
1468.0,28.0,0.9334118962287904
1468.0,28.0,0.9326980710029602
1468.0,24.0,0.9390464425086976
1468.0,31.0,0.9162679314613342
1468.0,23.0,0.944613516330719
1468.0,25.0,0.9396294355392456
1468.0,28.0,0.9290779829025269
1468.0,25.0,0.9395018219947816
1469.0,33.0,0.925073742866516
1469.0,25.0,0.9373881816864014
1469.0,28.0,0.9356584548950196
1469.0,27.0,0.917166829109192
1469.0,29.0,0.9239834547042848
1470.0,25.0,0.9197860956192015
1470.0,25.0,0.9387754797935486
1470.0,23.0,0.9413145184516908
1470.0,28.0,0.934376895427704
1470.0,24.0,0.9400594234466552
1470.0,21.0,0.9436374306678772
1470.0,25.0,0.935966432094574
1470.0,29.0,0.9338892102241516
1470.0,27.0,0.93451327085495
1471.0,35.0,0.9214285612106324
1471.0,23.0,0.9388235211372375
1471.0,24.0,0.9357689619064332
1471.0,22.0,0.9379799365997314
1471.0,23.0,0.9120197892189026
1472.0,22.0,0.937609314918518
1472.0,30.0,0.9279810786247252
1472.0,26.0,0.9364230632781982
1472.0,22.0,0.9411765336990356
1472.0,27.0,0.9363207221031188
1472.0,27.0,0.9290779829025269
1472.0,25.0,0.9376854300498962
1472.0,23.0,0.9326177835464478
1472.0,34.0,0.9173652529716492
1473.0,26.0,0.9348475933074952
1473.0,25.0,0.9387997388839722
1473.0,21.0,0.9411764740943908
1473.0,29.0,0.9337243437767028
1473.0,22.0,0.92249995470047
1473.0,31.0,0.8949880599975586
1473.0,26.0,0.9363745450973512
1473.0,25.0,0.9383886456489564
1474.0,24.0,0.9365172386169434
1474.0,29.0,0.9350029826164246
1474.0,25.0,0.9378330707550048
1474.0,28.0,0.9337313175201416
1474.0,25.0,0.9361194372177124
1474.0,26.0,0.9378330707550048
1474.0,27.0,0.9360703825950624
1474.0,33.0,0.9225310683250428
1474.0,27.0,0.9242513179779052
1474.0,23.0,0.9307876229286194
1475.0,29.0,0.9300657510757446
1475.0,26.0,0.9383886456489564
1475.0,26.0,0.927262008190155
1475.0,25.0,0.9333333373069764
1475.0,26.0,0.9278106093406676
1475.0,26.0,0.9367238879203796
1475.0,25.0,0.9387997388839722
1475.0,23.0,0.9371696710586548
1475.0,26.0,0.9395184516906738
1475.0,26.0,0.9362199902534484
1475.0,25.0,0.9364230632781982
1475.0,25.0,0.9378330707550048
1475.0,30.0,0.9337243437767028
1476.0,25.0,0.9365738034248352
1476.0,25.0,0.9365738034248352
1476.0,25.0,0.940211057662964
1476.0,24.0,0.9366196990013124
1476.0,24.0,0.9301232695579528
1476.0,25.0,0.9378330707550048
1476.0,26.0,0.9340463280677797
1476.0,25.0,0.9379799365997314
1476.0,23.0,0.9390892386436462
1476.0,25.0,0.9367238879203796
1476.0,25.0,0.9378330707550048
1476.0,26.0,0.9403254985809326
1476.0,26.0,0.9354647994041444
1477.0,26.0,0.9354647994041444
1477.0,25.0,0.9368730783462524
1477.0,26.0,0.9354647994041444
1477.0,24.0,0.9389448761940002
1477.0,23.0,0.9363689422607422
1477.0,27.0,0.9379799365997314
1477.0,25.0,0.9367238879203796
1477.0,25.0,0.9206730723381042
1477.0,25.0,0.9367238879203796
1477.0,27.0,0.9342027306556702
1477.0,24.0,0.9389448761940002
1477.0,26.0,0.9223417043685912
1477.0,25.0,0.9393761157989502
1477.0,27.0,0.9342027306556702
1478.0,24.0,0.936632513999939
1478.0,26.0,0.9367238879203796
1478.0,29.0,0.9373169541358948
1478.0,31.0,0.9312168955802916
1478.0,23.0,0.9379799365997314
1478.0,24.0,0.9390892386436462
1478.0,26.0,0.9367238879203796
1478.0,26.0,0.9367238879203796
1478.0,26.0,0.9367238879203796
1478.0,27.0,0.9338892102241516
1479.0,24.0,0.9355774521827698
1479.0,22.0,0.9406231641769408
1479.0,23.0,0.9166666269302368
1479.0,25.0,0.9359720349311828
1479.0,24.0,0.9362688064575196
1479.0,26.0,0.9381260871887208
1479.0,24.0,0.9355774521827698
1479.0,30.0,0.927198588848114
1479.0,24.0,0.934492826461792
1479.0,25.0,0.927262008190155
1480.0,31.0,0.9130180478096008
1480.0,24.0,0.9356172680854796
1480.0,30.0,0.9291521906852722
1480.0,26.0,0.9310547709465028
1480.0,25.0,0.936873197555542
1480.0,29.0,0.9312168955802916
1480.0,27.0,0.9314749836921692
1480.0,25.0,0.9371292591094972
1481.0,34.0,0.8986889123916626
1481.0,24.0,0.9318996667861938
1481.0,28.0,0.930506467819214
1481.0,28.0,0.9291983842849731
1481.0,26.0,0.9239834547042848
1481.0,24.0,0.9400922060012816
1481.0,22.0,0.94199538230896
1481.0,26.0,0.9448819160461426
1482.0,29.0,0.9321534633636476
1482.0,42.0,0.89552241563797
1482.0,24.0,0.937062919139862
1482.0,24.0,0.9384164214134216
1482.0,25.0,0.9245283007621764
1482.0,23.0,0.9396602511405944
1482.0,24.0,0.9381261467933656
1483.0,30.0,0.9338794350624084
1483.0,26.0,0.9351257085800172
1483.0,27.0,0.9351257085800172
1483.0,25.0,0.935064971446991
1483.0,27.0,0.9348209500312804
1483.0,24.0,0.9370217323303224
1483.0,29.0,0.929742395877838
1484.0,31.0,0.932787835597992
1484.0,29.0,0.9293163418769836
1484.0,25.0,0.9359720349311828
1484.0,29.0,0.9360703825950624
1484.0,23.0,0.9347319602966307
1484.0,26.0,0.9384436011314392
1484.0,28.0,0.9362229108810424
1485.0,23.0,0.9366196990013124
1485.0,23.0,0.9411765336990356
1485.0,22.0,0.9388468265533448
1485.0,29.0,0.932084321975708
1486.0,24.0,0.9400705099105836
1486.0,24.0,0.9355775117874146
1486.0,27.0,0.9337313771247864
1486.0,32.0,0.92093026638031
1486.0,29.0,0.9223638772964478
1487.0,25.0,0.938988983631134
1487.0,25.0,0.9372093081474304
1487.0,25.0,0.924896478652954
1487.0,30.0,0.9293163418769836
1487.0,23.0,0.9415929317474364
1488.0,25.0,0.93348890542984
1488.0,33.0,0.9259475469589232
1488.0,30.0,0.9211137294769288
1488.0,29.0,0.9232599139213562
1489.0,24.0,0.935822606086731
1489.0,23.0,0.937062919139862
1489.0,23.0,0.934667468070984
1489.0,26.0,0.9384436011314392
1489.0,35.0,0.891006588935852
1489.0,24.0,0.937062919139862
1490.0,26.0,0.9396602511405944
1490.0,30.0,0.9189842343330384
1490.0,24.0,0.937062919139862
1490.0,23.0,0.937062919139862
1490.0,26.0,0.9315068125724792
1490.0,41.0,0.8124223351478577
1490.0,23.0,0.9376443028450012
1490.0,23.0,0.937062919139862
1491.0,29.0,0.9291067123413086
1491.0,31.0,0.9057498574256896
1491.0,27.0,0.9364162087440492
1491.0,28.0,0.9354647994041444
1491.0,26.0,0.9268292784690856
1491.0,30.0,0.9239835143089294
1492.0,24.0,0.9378663301467896
1492.0,25.0,0.9345794320106506
1492.0,42.0,0.8677884936332703
1492.0,24.0,0.935822606086731
1493.0,31.0,0.9254257082939148
1493.0,30.0,0.9343065619468688
1493.0,29.0,0.9279810786247252
1493.0,24.0,0.935822606086731
1493.0,24.0,0.940229833126068
1494.0,23.0,0.9422632455825806
1494.0,29.0,0.9323131442070008
1494.0,43.0,0.8557692170143127
1494.0,24.0,0.9394285678863524
1495.0,34.0,0.9015724658966064
1495.0,27.0,0.937609314918518
1495.0,23.0,0.934883713722229
1495.0,26.0,0.9390103816986084
1496.0,43.0,0.8691476583480835
1496.0,28.0,0.9338794350624084
1496.0,25.0,0.9379475116729736
1496.0,27.0,0.9265403151512146
1497.0,31.0,0.9308755397796632
1497.0,23.0,0.9359720945358276
1497.0,28.0,0.9362199902534484
1498.0,30.0,0.9302870631217957
1498.0,23.0,0.9387040138244628
1499.0,23.0,0.9402480721473694
1499.0,22.0,0.9394286274909972
1499.0,27.0,0.9230769276618958
1499.0,27.0,0.936811625957489
1500.0,29.0,0.9403508901596068
1500.0,28.0,0.9337243437767028
1501.0,29.0,0.9271371364593506
1501.0,26.0,0.9403590559959412
1501.0,22.0,0.9426605701446532
1502.0,26.0,0.9367088675498962
1502.0,38.0,0.9164678454399108
1502.0,29.0,0.8910180330276489
1503.0,30.0,0.9321739077568054
1503.0,29.0,0.9239631295204164
1503.0,35.0,0.9291983842849731
1504.0,27.0,0.9300118684768676
1504.0,29.0,0.9356321692466736
1504.0,24.0,0.938328504562378
1504.0,30.0,0.9335644245147704
1504.0,29.0,0.9356321692466736
1505.0,29.0,0.9081456065177916
1505.0,27.0,0.9445397257804872
1505.0,24.0,0.9283527135849
1505.0,34.0,0.9268292784690856
1506.0,28.0,0.9392712712287904
1506.0,36.0,0.9186943173408508
1506.0,26.0,0.9399656653404236
1507.0,23.0,0.9257143139839172
1507.0,26.0,0.942120373249054
1507.0,27.0,0.931662917137146
1508.0,26.0,0.9392897486686708
1508.0,26.0,0.9399656653404236
1508.0,27.0,0.9324869513511658
1508.0,27.0,0.9377545118331908
1509.0,25.0,0.9401130080223083
1509.0,27.0,0.9383561611175536
1509.0,27.0,0.932725191116333
1509.0,26.0,0.9340909719467164
1510.0,24.0,0.938328504562378
1510.0,34.0,0.9329513311386108
1510.0,32.0,0.9075828790664672
1510.0,30.0,0.9315068125724792
1511.0,36.0,0.9225473403930664
1511.0,24.0,0.9358319640159608
1511.0,27.0,0.894859790802002
1511.0,35.0,0.8984830379486084
1512.0,26.0,0.9384965300559998
1512.0,28.0,0.9341040849685668
1512.0,24.0,0.9264438152313232
1513.0,27.0,0.9360730648040771
1513.0,28.0,0.9386363625526428
1513.0,22.0,0.9438716769218444
1514.0,27.0,0.9384703636169434
1514.0,30.0,0.9333333373069764
1514.0,27.0,0.9384703636169434
1514.0,26.0,0.9417142868041992
1515.0,29.0,0.9265537261962892
1515.0,32.0,0.9315068125724792
1515.0,24.0,0.9364624619483948
1515.0,24.0,0.9384965300559998
1515.0,27.0,0.9444125890731812
1516.0,28.0,0.9345579743385316
1516.0,27.0,0.9394286274909972
1516.0,27.0,0.937286138534546
1517.0,27.0,0.9345372915267944
1517.0,28.0,0.9350056648254396
1517.0,28.0,0.9345579743385316
1517.0,25.0,0.9320388436317444
1517.0,27.0,0.9223529100418092
1518.0,28.0,0.9299655556678772
1518.0,32.0,0.8773585557937622
1519.0,24.0,0.9362186193466188
1519.0,32.0,0.9284064769744872
1519.0,24.0,0.9372861981391908
1520.0,29.0,0.9146836996078492
1520.0,27.0,0.9362186193466188
1520.0,41.0,0.897041380405426
1520.0,26.0,0.935779869556427
1521.0,22.0,0.9390313625335692
1521.0,29.0,0.9304997324943542
1521.0,28.0,0.9368541836738586
1521.0,34.0,0.9174311757087708
1522.0,30.0,0.9321739077568054
1522.0,25.0,0.930875599384308
1523.0,27.0,0.9302856922149658
1523.0,22.0,0.9390313625335692
1523.0,24.0,0.9372861981391908
1524.0,28.0,0.9308755397796632
1524.0,26.0,0.9350057244300842
1524.0,26.0,0.9374289512634276
1524.0,28.0,0.9356858134269714
1525.0,24.0,0.9360730648040771
1525.0,24.0,0.9351851940155028
1526.0,21.0,0.9441964030265808
1526.0,29.0,0.9384099245071412
1527.0,27.0,0.9395973086357116
1527.0,29.0,0.937219738960266
1527.0,28.0,0.926940619945526
1527.0,27.0,0.9251855611801147
1527.0,29.0,0.937219738960266
1527.0,27.0,0.9395973086357116
1527.0,32.0,0.9379624724388124
1528.0,29.0,0.936026930809021
1528.0,27.0,0.935123085975647
1528.0,24.0,0.9421111941337584
1529.0,28.0,0.9384099245071412
1529.0,41.0,0.9139534831047058
1529.0,28.0,0.9368541836738586
1530.0,29.0,0.936752200126648
1530.0,25.0,0.9375709295272828
1531.0,41.0,0.8938156962394714
1532.0,22.0,0.9413092732429504
1533.0,27.0,0.93771231174469
1534.0,29.0,0.937219738960266
1535.0,31.0,0.9200913310050964
1535.0,21.0,0.943016767501831
1537.0,25.0,0.9330306649208068
1539.0,28.0,0.9288213849067688
1540.0,32.0,0.9279279708862304
1541.0,27.0,0.9347462058067322
1542.0,27.0,0.9382716417312622
1543.0,29.0,0.9301801919937134
1544.0,31.0,0.9330254197120668
1544.0,31.0,0.9376391768455504
1544.0,29.0,0.9375
1545.0,27.0,0.9347079396247864
1546.0,31.0,0.934453785419464
1547.0,27.0,0.9402568340301514
1547.0,30.0,0.9346003532409668
1548.0,27.0,0.9375
1549.0,26.0,0.932725191116333
1550.0,27.0,0.9321058988571168
1551.0,26.0,0.929061770439148
1552.0,26.0,0.9382716417312622
1553.0,27.0,0.9364548325538636
1554.0,27.0,0.9340782165527344
1554.0,27.0,0.9398663640022278
1555.0,31.0,0.935123085975647
1555.0,31.0,0.935123085975647
1555.0,31.0,0.9306487441062928
1559.0,41.0,0.8985177278518677
1560.0,26.0,0.9411765336990356
1560.0,26.0,0.940000057220459
1561.0,27.0,0.940000057220459
1562.0,33.0,0.926884114742279
1562.0,26.0,0.9435216188430786
1565.0,34.0,0.9180695414543152
1572.0,29.0,0.9331848621368408
1588.0,28.0,0.9241379499435424
1689.0,21.0,0.8833552002906799
