lengths,times
30,0.0038964748382568
54,0.0028138160705566
58,0.0035855770111083
64,0.0054154396057128
70,0.0048019886016845
70,0.0049014091491699
70,0.0052990913391113
70,0.0042066574096679
71,0.0042750835418701
71,0.003678560256958
71,0.0041792392730712
71,0.0042693614959716
71,0.0044255256652832
71,0.0038633346557617
71,0.0037343502044677
71,0.0042431354522705
71,0.0039217472076416
71,0.0038297176361083
71,0.0113599300384521
71,0.0036337375640869
71,0.0038344860076904
71,0.0037615299224853
71,0.0035741329193115
71,0.00384521484375
71,0.0036306381225585
71,0.0109353065490722
71,0.0036573410034179
71,0.0048928260803222
71,0.0039186477661132
71,0.0042469501495361
71,0.0044391155242919
71,0.0043034553527832
71,0.0048305988311767
71,0.0045506954193115
71,0.0048015117645263
71,0.0040047168731689
71,0.0041494369506835
71,0.0042908191680908
71,0.0043022632598876
71,0.0046846866607666
71,0.004183292388916
71,0.004324197769165
71,0.004241943359375
71,0.0049366950988769
71,0.0041048526763916
71,0.0037927627563476
71,0.0044786930084228
71,0.0041675567626953
71,0.0044901371002197
72,0.0035505294799804
72,0.0035924911499023
72,0.0036923885345458
72,0.0035655498504638
72,0.0036723613739013
72,0.0034906864166259
72,0.0037388801574707
72,0.0035943984985351
72,0.0038478374481201
72,0.0033931732177734
72,0.0038545131683349
72,0.0036678314208984
72,0.0035681724548339
72,0.0035383701324462
72,0.0036711692810058
72,0.0034899711608886
72,0.0038180351257324
72,0.0036056041717529
72,0.0078516006469726
72,0.0035839080810546
72,0.0035774707794189
72,0.0035061836242675
72,0.0039050579071044
72,0.0036513805389404
72,0.0039136409759521
72,0.0038299560546875
72,0.0035328865051269
72,0.0035786628723144
72,0.00356125831604
72,0.0035209655761718
72,0.0037777423858642
72,0.0036313533782958
72,0.0035860538482666
72,0.0034785270690917
72,0.0034980773925781
72,0.0040066242218017
72,0.0037617683410644
72,0.0035822391510009
72,0.0102069377899169
72,0.0038263797760009
72,0.0035779476165771
72,0.0035197734832763
72,0.0040485858917236
72,0.0034425258636474
72,0.0036420822143554
72,0.0036065578460693
72,0.0031273365020751
72,0.0034074783325195
72,0.003612995147705
72,0.0038666725158691
72,0.0038027763366699
72,0.0036976337432861
72,0.0036139488220214
72,0.0037660598754882
72,0.003709077835083
72,0.0034494400024414
72,0.004159927368164
72,0.004922866821289
72,0.0035030841827392
72,0.0037059783935546
72,0.0045826435089111
72,0.0037407875061035
72,0.0037295818328857
72,0.0048251152038574
72,0.0034453868865966
72,0.0036766529083251
72,0.0036735534667968
72,0.0035886764526367
72,0.0038223266601562
72,0.0036628246307373
72,0.0034656524658203
72,0.0036382675170898
72,0.0040762424468994
72,0.0036752223968505
72,0.0095179080963134
72,0.003533124923706
72,0.0038487911224365
72,0.0036273002624511
72,0.0036613941192626
72,0.0036358833312988
72,0.0034894943237304
72,0.0034866333007812
72,0.0035209655761718
72,0.0036733150482177
72,0.0037934780120849
72,0.0037872791290283
72,0.0036795139312744
72,0.0038723945617675
72,0.0034680366516113
72,0.0037195682525634
72,0.0035569667816162
72,0.004580020904541
72,0.003631591796875
72,0.0035176277160644
72,0.0037667751312255
72,0.003871202468872
72,0.0036704540252685
72,0.0041251182556152
72,0.0041682720184326
72,0.0041019916534423
72,0.0040218830108642
72,0.0040628910064697
72,0.0040132999420166
72,0.0040311813354492
72,0.0041987895965576
72,0.0041267871856689
72,0.0037038326263427
72,0.0043065547943115
72,0.0041625499725341
72,0.0046393871307373
72,0.0043210983276367
72,0.0045673847198486
72,0.0038042068481445
72,0.0037407875061035
72,0.0037770271301269
72,0.0038235187530517
72,0.003603458404541
72,0.0041553974151611
72,0.0040910243988037
72,0.0041322708129882
73,0.0036258697509765
73,0.0035362243652343
73,0.0033261775970458
73,0.0034093856811523
73,0.0036635398864746
73,0.0034329891204833
73,0.0035395622253417
73,0.0033144950866699
73,0.0029561519622802
73,0.0031847953796386
73,0.0031654834747314
73,0.0033605098724365
73,0.0034794807434082
73,0.003026008605957
73,0.0035226345062255
73,0.0033323764801025
73,0.0035316944122314
73,0.003364086151123
73,0.0036723613739013
73,0.0032918453216552
73,0.0032768249511718
73,0.0033104419708251
73,0.0032706260681152
73,0.0032472610473632
73,0.0031054019927978
73,0.0038502216339111
73,0.0035550594329833
73,0.0034770965576171
73,0.0034291744232177
73,0.0033106803894042
73,0.0034825801849365
73,0.0033142566680908
73,0.0034260749816894
73,0.0033893585205078
73,0.0034277439117431
73,0.0087058544158935
73,0.0032331943511962
73,0.003706932067871
73,0.003666877746582
73,0.0034353733062744
73,0.0032136440277099
73,0.0030775070190429
73,0.0036289691925048
73,0.0032815933227539
73,0.00376558303833
73,0.0034129619598388
73,0.0031144618988037
73,0.0036654472351074
73,0.0033431053161621
73,0.0032970905303955
73,0.0032525062561035
73,0.0028557777404785
73,0.0036430358886718
73,0.0038607120513916
73,0.0033426284790039
73,0.0035452842712402
73,0.0037226676940917
73,0.0037214756011962
73,0.0037331581115722
73,0.0035755634307861
73,0.0036330223083496
73,0.003422737121582
73,0.0037693977355957
73,0.0044384002685546
73,0.0036256313323974
73,0.0036802291870117
73,0.0036923885345458
73,0.0036795139312744
73,0.0035693645477294
73,0.0036518573760986
73,0.0037481784820556
73,0.0037236213684082
73,0.0035340785980224
73,0.0036485195159912
73,0.0036733150482177
73,0.0033631324768066
73,0.0041079521179199
73,0.0033905506134033
73,0.0035028457641601
73,0.0033459663391113
73,0.0035541057586669
73,0.003598928451538
73,0.003716230392456
73,0.0034351348876953
73,0.0036962032318115
73,0.0047004222869873
73,0.0035028457641601
73,0.0034999847412109
73,0.0035884380340576
73,0.003702163696289
73,0.0036139488220214
73,0.0036494731903076
73,0.0040843486785888
73,0.007394790649414
73,0.0039694309234619
73,0.0037245750427246
73,0.0039765834808349
73,0.0050828456878662
73,0.0036807060241699
73,0.0037605762481689
73,0.0043842792510986
73,0.0042452812194824
73,0.0041911602020263
73,0.0039827823638916
73,0.0041782855987548
73,0.0039691925048828
73,0.0041308403015136
73,0.0035569667816162
73,0.0036137104034423
73,0.003749132156372
73,0.0039393901824951
73,0.00364351272583
73,0.0037844181060791
73,0.0035667419433593
73,0.0034644603729248
73,0.0035817623138427
73,0.0036120414733886
73,0.0036356449127197
73,0.0035657882690429
73,0.0034830570220947
73,0.0032291412353515
73,0.0035176277160644
73,0.0035693645477294
73,0.0031659603118896
73,0.0037097930908203
73,0.0037057399749755
73,0.0035512447357177
73,0.0038673877716064
73,0.0035974979400634
73,0.0036447048187255
73,0.0036661624908447
73,0.0036702156066894
73,0.0035338401794433
73,0.0034468173980712
73,0.0036594867706298
73,0.0036838054656982
73,0.0070629119873046
73,0.0034353733062744
73,0.0035059452056884
73,0.0037569999694824
73,0.003680944442749
73,0.0037283897399902
73,0.0036039352416992
73,0.0035924911499023
73,0.0037932395935058
73,0.003791332244873
73,0.0034153461456298
73,0.0037817955017089
74,0.0030651092529296
74,0.0029184818267822
74,0.0030467510223388
74,0.0030133724212646
74,0.0030279159545898
74,0.0030474662780761
74,0.0027587413787841
74,0.0031087398529052
74,0.0028598308563232
74,0.0028667449951171
74,0.0031409263610839
74,0.0030467510223388
74,0.0029871463775634
74,0.0030224323272705
74,0.002981424331665
74,0.0029511451721191
74,0.0030074119567871
74,0.0029263496398925
74,0.0028436183929443
74,0.0029411315917968
74,0.0027408599853515
74,0.0029656887054443
74,0.0031304359436035
74,0.0029661655426025
74,0.0031614303588867
74,0.0026066303253173
74,0.003180980682373
74,0.0031838417053222
74,0.0030252933502197
74,0.0036261081695556
74,0.0030195713043212
74,0.0032753944396972
74,0.0031027793884277
74,0.0035488605499267
74,0.0030460357666015
74,0.0028748512268066
74,0.0028140544891357
74,0.0033516883850097
74,0.0030562877655029
74,0.0029141902923583
74,0.0032598972320556
74,0.0034451484680175
74,0.0035510063171386
74,0.0031049251556396
74,0.0031075477600097
74,0.0034320354461669
74,0.0029108524322509
74,0.0034041404724121
74,0.0033628940582275
74,0.0031867027282714
74,0.0031635761260986
74,0.0033793449401855
74,0.00321626663208
74,0.002878189086914
74,0.0030982494354248
74,0.0034904479980468
74,0.0033133029937744
74,0.0031747817993164
74,0.0027081966400146
74,0.0032703876495361
74,0.0033578872680664
74,0.0029942989349365
74,0.0030245780944824
74,0.0026948451995849
74,0.0030090808868408
74,0.0030291080474853
74,0.0031952857971191
74,0.0028755664825439
74,0.0029609203338623
74,0.0029265880584716
74,0.0035717487335205
74,0.0030708312988281
74,0.0026063919067382
74,0.0030961036682128
74,0.0029726028442382
74,0.0029397010803222
74,0.0032072067260742
74,0.0029084682464599
74,0.0030629634857177
74,0.0028827190399169
74,0.0030126571655273
74,0.0032422542572021
74,0.0031740665435791
74,0.0029654502868652
74,0.0029823780059814
74,0.0028748512268066
74,0.0031664371490478
74,0.002812385559082
74,0.0030982494354248
74,0.0029773712158203
74,0.002934455871582
74,0.0028116703033447
74,0.0030312538146972
74,0.0032908916473388
74,0.0026862621307373
74,0.0033960342407226
74,0.0035703182220458
74,0.0088131427764892
74,0.0055017471313476
74,0.0037171840667724
74,0.0037975311279296
74,0.0037176609039306
74,0.0036995410919189
74,0.0037808418273925
74,0.003664493560791
74,0.0030853748321533
74,0.0031909942626953
74,0.003525972366333
74,0.003603458404541
74,0.0029919147491455
74,0.0028340816497802
74,0.0029559135437011
74,0.0029363632202148
74,0.0029902458190917
74,0.0029036998748779
74,0.00335693359375
74,0.0031328201293945
74,0.0029437541961669
74,0.0029146671295166
74,0.0037155151367187
74,0.0030052661895751
74,0.0030274391174316
75,0.0036520957946777
75,0.0038163661956787
75,0.0036542415618896
75,0.0036506652832031
75,0.0035500526428222
75,0.0035903453826904
75,0.0037667751312255
75,0.0036287307739257
75,0.0036468505859375
75,0.0039751529693603
75,0.0040264129638671
75,0.0035164356231689
75,0.0038099288940429
75,0.0032877922058105
75,0.003568410873413
75,0.0033657550811767
75,0.0040695667266845
75,0.003798484802246
75,0.0039567947387695
75,0.0033843517303466
75,0.00392746925354
75,0.0037381649017333
75,0.004202127456665
75,0.0038299560546875
75,0.0036923885345458
75,0.0039625167846679
75,0.0036048889160156
75,0.0038738250732421
75,0.0037825107574462
75,0.0040259361267089
75,0.0038285255432128
75,0.0040256977081298
75,0.0037677288055419
75,0.0037708282470703
75,0.0038259029388427
75,0.0038352012634277
75,0.0038414001464843
75,0.0035459995269775
75,0.0034997463226318
75,0.0056314468383789
75,0.0038158893585205
75,0.0038182735443115
75,0.0036666393280029
75,0.0036137104034423
75,0.0037872791290283
75,0.003746747970581
75,0.0038294792175292
75,0.0030391216278076
75,0.0036385059356689
75,0.0029857158660888
75,0.0029816627502441
75,0.0030028820037841
75,0.0035097599029541
75,0.0029952526092529
75,0.0031015872955322
75,0.0030136108398437
75,0.0036401748657226
75,0.0033328533172607
75,0.003706932067871
75,0.0035996437072753
75,0.0033705234527587
75,0.003326416015625
75,0.0034492015838623
75,0.0033888816833496
75,0.0034952163696289
75,0.0032980442047119
75,0.0037000179290771
75,0.0034642219543457
75,0.0038597583770751
75,0.0028824806213378
75,0.0035886764526367
75,0.0035505294799804
75,0.0037078857421875
75,0.0037152767181396
76,0.0036070346832275
76,0.0036172866821289
76,0.0031125545501708
76,0.0035953521728515
76,0.0036447048187255
76,0.0031461715698242
76,0.0037119388580322
76,0.0037908554077148
76,0.0035278797149658
76,0.0031304359436035
76,0.0030817985534667
76,0.0034284591674804
76,0.0035731792449951
76,0.0035526752471923
76,0.002922773361206
76,0.0033438205718994
76,0.0034630298614501
76,0.0035383701324462
76,0.0032880306243896
76,0.0033807754516601
76,0.0034129619598388
76,0.0029935836791992
76,0.0031721591949462
76,0.0030477046966552
76,0.0026698112487792
76,0.0031123161315917
76,0.0035274028778076
76,0.0034859180450439
76,0.0036687850952148
76,0.0030820369720458
76,0.0030438899993896
76,0.0032019615173339
76,0.0031781196594238
76,0.002986192703247
76,0.0029776096343994
76,0.003061294555664
76,0.0029380321502685
76,0.0030615329742431
76,0.0029335021972656
76,0.0031111240386962
76,0.0027964115142822
76,0.0029611587524414
76,0.0030086040496826
76,0.002983808517456
76,0.003145694732666
76,0.0032730102539062
76,0.0031304359436035
76,0.0031540393829345
76,0.0030205249786376
76,0.0032567977905273
76,0.0031096935272216
76,0.003016710281372
76,0.002906322479248
76,0.0031137466430664
76,0.0030410289764404
76,0.0030460357666015
76,0.0030961036682128
76,0.0026140213012695
76,0.0029754638671875
76,0.0032844543457031
76,0.003678560256958
76,0.0031371116638183
76,0.0035037994384765
76,0.0034527778625488
76,0.003732681274414
76,0.0045418739318847
76,0.0035827159881591
76,0.0031914710998535
76,0.003751516342163
76,0.003425121307373
76,0.0035402774810791
76,0.0030832290649414
76,0.0037147998809814
76,0.0032415390014648
76,0.003103494644165
76,0.0035102367401123
76,0.0033087730407714
76,0.0044572353363037
76,0.0029993057250976
76,0.0038042068481445
76,0.0029957294464111
76,0.0036253929138183
76,0.0035860538482666
76,0.0033292770385742
76,0.0029470920562744
76,0.0037147998809814
76,0.0030832290649414
76,0.0030133724212646
76,0.0035269260406494
76,0.0032699108123779
76,0.0037617683410644
76,0.00386643409729
76,0.003037691116333
76,0.0034070014953613
76,0.0030899047851562
76,0.0029799938201904
76,0.0032806396484375
76,0.0032641887664794
76,0.0036704540252685
76,0.0035340785980224
76,0.0034270286560058
76,0.0033249855041503
76,0.0034117698669433
76,0.0030066967010498
76,0.0031726360321044
76,0.0036497116088867
76,0.003718614578247
76,0.0035982131958007
76,0.0034003257751464
76,0.0035662651062011
76,0.0037500858306884
76,0.0039014816284179
76,0.0038697719573974
76,0.0038416385650634
76,0.0036494731903076
76,0.0038259029388427
76,0.0038442611694335
76,0.0038337707519531
76,0.0036654472351074
76,0.0031585693359375
76,0.0038950443267822
77,0.0032656192779541
77,0.0033550262451171
77,0.0037221908569335
77,0.0032811164855957
77,0.003303050994873
77,0.0036354064941406
77,0.0033724308013916
77,0.0034410953521728
77,0.003364086151123
77,0.0031619071960449
77,0.0036160945892333
77,0.003303050994873
77,0.0029253959655761
77,0.0032644271850585
77,0.0033628940582275
77,0.0030834674835205
77,0.0030381679534912
77,0.0030992031097412
77,0.0032060146331787
77,0.0034406185150146
77,0.0033493041992187
77,0.0032966136932373
77,0.0032048225402832
77,0.0031366348266601
77,0.0040729045867919
77,0.0031301975250244
77,0.0030887126922607
77,0.0033085346221923
77,0.0030572414398193
77,0.0034801959991455
77,0.0033624172210693
77,0.0033001899719238
77,0.0032544136047363
77,0.0034611225128173
77,0.0034544467926025
77,0.003352403640747
77,0.0030457973480224
77,0.0031938552856445
77,0.0032212734222412
77,0.0032398700714111
77,0.0032174587249755
77,0.0033717155456542
77,0.0033957958221435
77,0.003406286239624
77,0.0036098957061767
77,0.0039618015289306
77,0.0033869743347167
77,0.0036640167236328
77,0.0035855770111083
77,0.0035915374755859
77,0.0033981800079345
77,0.00337815284729
77,0.0031120777130126
77,0.003436803817749
77,0.0032620429992675
77,0.0029199123382568
77,0.0035254955291748
77,0.0032966136932373
77,0.0032215118408203
77,0.0032944679260253
77,0.0031359195709228
77,0.0031273365020751
77,0.0032331943511962
77,0.0032596588134765
77,0.0029661655426025
77,0.0030531883239746
77,0.0030963420867919
77,0.002948522567749
77,0.0028684139251708
77,0.0031125545501708
77,0.0030937194824218
77,0.0029752254486083
77,0.0031740665435791
77,0.0031986236572265
77,0.0029807090759277
77,0.0027475357055664
77,0.0035598278045654
77,0.0032317638397216
77,0.0030419826507568
77,0.0029554367065429
77,0.0031466484069824
77,0.0030784606933593
77,0.0029246807098388
77,0.0028226375579833
77,0.0029702186584472
77,0.0028772354125976
77,0.0030391216278076
77,0.0030415058135986
77,0.0029475688934326
77,0.0031681060791015
77,0.003138780593872
77,0.0035223960876464
77,0.0028400421142578
77,0.0034546852111816
77,0.0035016536712646
77,0.0032613277435302
77,0.0033442974090576
77,0.0031466484069824
77,0.0030663013458251
77,0.0029637813568115
77,0.0031056404113769
77,0.0033872127532958
77,0.003084659576416
77,0.0031406879425048
77,0.0030879974365234
77,0.0029952526092529
77,0.0038697719573974
77,0.0034828186035156
77,0.0032150745391845
77,0.0032799243927001
77,0.0029914379119873
77,0.0030937194824218
77,0.0033507347106933
77,0.0029296875
77,0.0031557083129882
77,0.0030474662780761
77,0.0033094882965087
77,0.0030453205108642
77,0.0031704902648925
77,0.0029873847961425
77,0.0029118061065673
77,0.003173828125
78,0.0031690597534179
78,0.0034198760986328
78,0.0031831264495849
78,0.0035738945007324
78,0.0033402442932128
78,0.003774881362915
78,0.0035691261291503
78,0.0031220912933349
78,0.0032005310058593
78,0.00331711769104
78,0.003387451171875
78,0.003270149230957
78,0.00350022315979
79,0.0034501552581787
79,0.0035369396209716
81,0.0035772323608398
81,0.0033600330352783
81,0.0036132335662841
81,0.0034985542297363
81,0.0032103061676025
81,0.0033905506134033
81,0.0035388469696044
82,0.0033876895904541
82,0.0036196708679199
82,0.0031752586364746
82,0.0032083988189697
82,0.0033211708068847
82,0.0033483505249023
82,0.0034732818603515
82,0.0033771991729736
82,0.0037214756011962
82,0.0037286281585693
82,0.0034167766571044
82,0.0033881664276123
82,0.0035228729248046
82,0.0030503273010253
82,0.0037708282470703
82,0.0032935142517089
82,0.0032708644866943
82,0.0034916400909423
82,0.0035712718963623
82,0.00321626663208
82,0.0037128925323486
82,0.0035405158996582
82,0.0035269260406494
83,0.0040590763092041
83,0.0041346549987792
83,0.0043263435363769
83,0.0039894580841064
83,0.00392746925354
83,0.0039165019989013
83,0.0037202835083007
83,0.0040497779846191
83,0.0038235187530517
83,0.0036556720733642
83,0.0035955905914306
83,0.0038099288940429
84,0.0039682388305664
84,0.0042312145233154
84,0.0039091110229492
84,0.0040023326873779
84,0.0038089752197265
84,0.0037505626678466
84,0.0041022300720214
84,0.0042786598205566
84,0.0038857460021972
84,0.0038764476776123
84,0.0042078495025634
84,0.0041098594665527
84,0.0040128231048583
84,0.0039949417114257
85,0.0045232772827148
85,0.0039131641387939
85,0.0039479732513427
85,0.0042500495910644
85,0.0043814182281494
85,0.0038642883300781
85,0.0038766860961914
85,0.0040919780731201
85,0.0042417049407958
85,0.0040469169616699
85,0.0040690898895263
85,0.0040187835693359
85,0.004101276397705
85,0.0041203498840332
85,0.0039088726043701
85,0.0038895606994628
85,0.003995656967163
85,0.0039434432983398
85,0.0039360523223876
85,0.0039217472076416
85,0.0039055347442626
85,0.0042290687561035
85,0.0040292739868164
85,0.0038180351257324
85,0.004065990447998
86,0.0041522979736328
86,0.0040462017059326
86,0.004953384399414
86,0.0041728019714355
86,0.004197359085083
86,0.0039107799530029
86,0.0044879913330078
86,0.0042266845703125
86,0.004202127456665
86,0.004061222076416
87,0.0119051933288574
87,0.0043778419494628
87,0.0045323371887207
87,0.0039517879486083
87,0.0042624473571777
87,0.0040264129638671
87,0.0041050910949707
87,0.0038681030273437
87,0.0046918392181396
87,0.00404953956604
87,0.0043096542358398
87,0.0041253566741943
87,0.0039482116699218
87,0.0051567554473876
88,0.0039656162261962
88,0.0042591094970703
88,0.0041778087615966
88,0.0143401622772216
88,0.0042688846588134
88,0.0038845539093017
88,0.0043473243713378
88,0.0038561820983886
88,0.0042033195495605
88,0.0046653747558593
88,0.0042822360992431
88,0.0143184661865234
88,0.0047214031219482
88,0.0039739608764648
89,0.0035731792449951
89,0.0036141872406005
89,0.0035746097564697
89,0.00382661819458
89,0.0036437511444091
89,0.0035295486450195
89,0.0043032169342041
90,0.0039377212524414
90,0.0040450096130371
90,0.0044348239898681
90,0.0042693614959716
90,0.0044505596160888
90,0.0041124820709228
90,0.0035147666931152
90,0.0043766498565673
90,0.003624677658081
90,0.0037498474121093
90,0.0045480728149414
90,0.0037221908569335
90,0.0042791366577148
90,0.0042057037353515
90,0.0039522647857666
91,0.0038032531738281
91,0.0039000511169433
91,0.003511905670166
91,0.0039691925048828
91,0.0039632320404052
91,0.003824234008789
91,0.0035762786865234
92,0.0039455890655517
92,0.0035812854766845
92,0.003758430480957
92,0.0035467147827148
93,0.003868818283081
93,0.0037109851837158
93,0.0039296150207519
93,0.0035033226013183
93,0.0041587352752685
93,0.0036072731018066
93,0.0035915374755859
93,0.0045437812805175
95,0.0043823719024658
101,0.0041298866271972
103,0.0041444301605224
103,0.0043492317199707
106,0.0064222812652587
106,0.0047683715820312
107,0.0046002864837646
107,0.005321979522705
107,0.0045695304870605
108,0.004650592803955
108,0.0045809745788574
108,0.0044865608215332
109,0.0046305656433105
109,0.0042634010314941
109,0.0059685707092285
109,0.0065045356750488
109,0.0048146247863769
109,0.004608154296875
109,0.0050859451293945
109,0.0045886039733886
110,0.0056514739990234
110,0.0055696964263916
110,0.0057308673858642
110,0.0060420036315917
110,0.0058238506317138
110,0.0052716732025146
110,0.0057783126831054
110,0.0064082145690917
110,0.005915880203247
110,0.0048182010650634
110,0.0053951740264892
110,0.0052933692932128
110,0.0053048133850097
110,0.0059289932250976
110,0.0058252811431884
110,0.0058555603027343
110,0.0056128501892089
110,0.0235631465911865
110,0.0054864883422851
111,0.0055179595947265
111,0.00510835647583
111,0.0053474903106689
111,0.0065937042236328
111,0.0061032772064208
111,0.006401777267456
111,0.0061337947845458
111,0.0061275959014892
111,0.0058729648590087
111,0.0052061080932617
111,0.00612473487854
111,0.0053229331970214
111,0.0054097175598144
111,0.0055365562438964
111,0.0060017108917236
111,0.0053844451904296
111,0.0054168701171875
111,0.0057482719421386
111,0.0054717063903808
111,0.0047686100006103
111,0.0060834884643554
112,0.0063261985778808
112,0.005613088607788
112,0.0065279006958007
112,0.0047597885131835
112,0.0059106349945068
112,0.0057930946350097
112,0.0053207874298095
112,0.0054528713226318
112,0.0058166980743408
112,0.0045726299285888
112,0.0057165622711181
112,0.0056169033050537
112,0.0054385662078857
112,0.004894733428955
112,0.0050346851348876
112,0.0057313442230224
112,0.005620002746582
112,0.0053398609161376
112,0.0046801567077636
112,0.0056042671203613
112,0.0049781799316406
113,0.0068569183349609
113,0.0062036514282226
113,0.0062799453735351
113,0.0060274600982666
113,0.00624680519104
113,0.0059013366699218
113,0.0056111812591552
113,0.006847858428955
113,0.0058817863464355
113,0.0059535503387451
113,0.0060610771179199
113,0.0062224864959716
113,0.0056240558624267
113,0.0067718029022216
113,0.0057175159454345
113,0.0058503150939941
113,0.0063307285308837
113,0.0055708885192871
113,0.0054254531860351
113,0.0071156024932861
113,0.0056324005126953
113,0.0062623023986816
113,0.0056021213531494
113,0.0059599876403808
113,0.0060229301452636
113,0.0066742897033691
114,0.0054981708526611
114,0.006110668182373
114,0.0059645175933837
114,0.00600266456604
114,0.0066292285919189
114,0.0056402683258056
114,0.005624771118164
114,0.0051808357238769
114,0.0061230659484863
114,0.0054426193237304
114,0.0053608417510986
114,0.0065963268280029
114,0.0070445537567138
114,0.0059804916381835
114,0.0060222148895263
114,0.0058681964874267
114,0.0061776638031005
114,0.0062975883483886
114,0.005244493484497
114,0.0061924457550048
114,0.0060069561004638
114,0.0062522888183593
114,0.0057394504547119
114,0.0055627822875976
114,0.0055758953094482
114,0.0058398246765136
114,0.0058937072753906
114,0.0053365230560302
114,0.0057923793792724
114,0.0060408115386962
114,0.0062978267669677
114,0.0058040618896484
115,0.0059070587158203
115,0.0053269863128662
115,0.0059528350830078
115,0.0057899951934814
115,0.0056259632110595
115,0.005570650100708
115,0.0058655738830566
115,0.0058023929595947
115,0.006458044052124
115,0.0055005550384521
115,0.0076234340667724
115,0.0059094429016113
115,0.00592041015625
115,0.0060727596282958
115,0.0057501792907714
115,0.0061545372009277
115,0.0053434371948242
115,0.0054600238800048
115,0.0063481330871582
115,0.0054755210876464
115,0.0052907466888427
115,0.0056855678558349
115,0.0048658847808837
115,0.0057687759399414
115,0.0061964988708496
115,0.0058989524841308
115,0.0061433315277099
115,0.0057551860809326
115,0.0052676200866699
115,0.0051167011260986
115,0.0051884651184082
115,0.0054986476898193
115,0.0052399635314941
115,0.0053606033325195
115,0.0060024261474609
115,0.0063743591308593
115,0.0051453113555908
115,0.0053160190582275
115,0.0055317878723144
115,0.0064311027526855
115,0.0050129890441894
115,0.0055606365203857
115,0.0055882930755615
115,0.0061430931091308
115,0.0052640438079833
115,0.0056676864624023
115,0.00608491897583
115,0.0066273212432861
115,0.0066287517547607
115,0.005836009979248
115,0.0065758228302001
115,0.0058867931365966
115,0.0060501098632812
115,0.0052258968353271
115,0.0060615539550781
115,0.0042777061462402
115,0.0056433677673339
115,0.0057988166809082
115,0.0057494640350341
115,0.005972146987915
115,0.0062861442565917
115,0.0060346126556396
115,0.0061311721801757
115,0.0062274932861328
115,0.0066001415252685
115,0.0058152675628662
115,0.0061702728271484
115,0.0062305927276611
115,0.0057220458984375
115,0.0065839290618896
115,0.0050714015960693
115,0.0059490203857421
115,0.0062108039855957
116,0.0057888031005859
116,0.0062663555145263
116,0.0067243576049804
116,0.0057334899902343
116,0.0051550865173339
116,0.0052647590637207
116,0.0045816898345947
116,0.0048568248748779
116,0.0053510665893554
116,0.0059287548065185
116,0.0052933692932128
116,0.0053019523620605
116,0.0058028697967529
116,0.0055434703826904
116,0.0063152313232421
116,0.0054337978363037
116,0.0054447650909423
116,0.005422830581665
116,0.0055487155914306
116,0.0060324668884277
116,0.0060012340545654
116,0.0055854320526123
116,0.0058810710906982
116,0.0058259963989257
116,0.0063366889953613
116,0.0057413578033447
116,0.0056886672973632
116,0.0066015720367431
116,0.0060625076293945
116,0.0058851242065429
116,0.0051264762878417
116,0.0054538249969482
116,0.0052578449249267
116,0.0057456493377685
116,0.0057106018066406
116,0.0055923461914062
116,0.0062756538391113
116,0.0056993961334228
116,0.0061533451080322
116,0.0056934356689453
116,0.0058634281158447
116,0.0058140754699707
116,0.0056385993957519
116,0.0058369636535644
116,0.0052011013031005
116,0.0055022239685058
116,0.0062212944030761
116,0.0055189132690429
116,0.0059108734130859
116,0.0058760643005371
116,0.0054731369018554
116,0.0058114528656005
116,0.005805492401123
116,0.0058357715606689
116,0.0056424140930175
116,0.0059080123901367
116,0.0058610439300537
116,0.0057568550109863
116,0.0064277648925781
116,0.006009817123413
116,0.0055758953094482
116,0.0051608085632324
116,0.0063898563385009
116,0.0059106349945068
116,0.0062868595123291
116,0.0061979293823242
116,0.0054922103881835
116,0.006230354309082
116,0.0054054260253906
116,0.0059731006622314
116,0.0051946640014648
116,0.0053458213806152
116,0.0055525302886962
116,0.0054967403411865
116,0.0061621665954589
116,0.006505012512207
116,0.0049564838409423
116,0.0064313411712646
116,0.0059351921081542
116,0.0064711570739746
116,0.0060362815856933
116,0.0057053565979003
116,0.0062112808227539
116,0.0062799453735351
116,0.0072653293609619
116,0.0056598186492919
116,0.0072157382965087
116,0.0060572624206542
116,0.0063724517822265
116,0.0057501792907714
116,0.0064847469329833
116,0.0058462619781494
116,0.0061652660369873
116,0.0054748058319091
116,0.0054185390472412
116,0.0058012008666992
116,0.0064265727996826
116,0.0061020851135253
116,0.0061380863189697
116,0.0048010349273681
116,0.0055305957794189
116,0.005889892578125
116,0.0057184696197509
116,0.0058710575103759
116,0.0057830810546875
116,0.0057723522186279
116,0.0061972141265869
116,0.0071256160736083
116,0.0061671733856201
116,0.0059483051300048
116,0.0057771205902099
116,0.0055737495422363
116,0.00628662109375
116,0.0056664943695068
116,0.0055992603302001
116,0.005507469177246
116,0.0056328773498535
116,0.0051577091217041
116,0.0061135292053222
116,0.0051002502441406
116,0.0049502849578857
116,0.0061759948730468
116,0.0051043033599853
117,0.0058550834655761
117,0.0054214000701904
117,0.0055391788482666
117,0.0056962966918945
117,0.005850076675415
117,0.0054402351379394
117,0.0060455799102783
117,0.0060219764709472
117,0.0057837963104248
117,0.0055000782012939
117,0.0054616928100585
117,0.0137460231781005
117,0.0048506259918212
117,0.0059912204742431
117,0.0059282779693603
117,0.0055127143859863
117,0.0057649612426757
117,0.0058968067169189
117,0.0061597824096679
117,0.0059456825256347
117,0.0055704116821289
117,0.0054609775543212
117,0.0061678886413574
117,0.005516767501831
117,0.005178689956665
117,0.0055899620056152
117,0.0056509971618652
117,0.0056421756744384
117,0.005220890045166
117,0.0065767765045166
117,0.0062310695648193
117,0.0057883262634277
117,0.0053274631500244
117,0.0055394172668457
117,0.0054636001586914
117,0.0055866241455078
117,0.0052895545959472
117,0.005812644958496
117,0.0058872699737548
117,0.0055682659149169
117,0.0053653717041015
117,0.0061690807342529
117,0.00667405128479
117,0.0060112476348876
117,0.006005048751831
117,0.0064125061035156
117,0.0060095787048339
117,0.0057518482208251
117,0.0058934688568115
117,0.0052630901336669
117,0.0058987140655517
117,0.0057644844055175
117,0.005455732345581
117,0.005699872970581
117,0.0058135986328125
117,0.0059790611267089
117,0.0059096813201904
117,0.0056126117706298
117,0.0056231021881103
117,0.0053932666778564
117,0.0057094097137451
117,0.0049207210540771
117,0.005887746810913
117,0.0118024349212646
117,0.0058019161224365
117,0.0057418346405029
117,0.0053107738494873
117,0.0063123703002929
117,0.0057337284088134
117,0.0054297447204589
117,0.0057089328765869
117,0.005871295928955
117,0.0058395862579345
117,0.0054776668548583
117,0.0059545040130615
117,0.0061836242675781
117,0.0059981346130371
117,0.0060031414031982
117,0.0058958530426025
117,0.005800724029541
117,0.0062251091003417
117,0.00612473487854
117,0.0054237842559814
117,0.0056414604187011
117,0.0056486129760742
117,0.0053412914276123
117,0.0058197975158691
117,0.0057108402252197
117,0.0058975219726562
117,0.0052127838134765
117,0.0053930282592773
117,0.0048983097076416
117,0.0057616233825683
117,0.0054845809936523
117,0.0059804916381835
117,0.0063388347625732
117,0.0056476593017578
117,0.0057234764099121
117,0.0055568218231201
117,0.0052495002746582
117,0.0054731369018554
117,0.005321979522705
117,0.0055828094482421
117,0.0058076381683349
117,0.0054242610931396
117,0.0057530403137207
117,0.0052177906036376
117,0.0052492618560791
117,0.0057058334350585
117,0.0057666301727294
117,0.0060169696807861
117,0.0062971115112304
117,0.0061018466949462
117,0.0055930614471435
117,0.0058891773223876
117,0.0053954124450683
117,0.0053043365478515
117,0.0049653053283691
117,0.0044372081756591
117,0.0061674118041992
117,0.0057244300842285
117,0.0056953430175781
117,0.0055859088897705
117,0.0056140422821044
117,0.0053002834320068
117,0.0054161548614501
117,0.0073561668395996
117,0.0053236484527587
117,0.0059168338775634
117,0.0059726238250732
117,0.0052063465118408
117,0.0050694942474365
117,0.0052931308746337
117,0.0050916671752929
118,0.0058948993682861
118,0.0062787532806396
118,0.006401777267456
118,0.005861759185791
118,0.0055594444274902
118,0.0063426494598388
118,0.0057592391967773
118,0.0054242610931396
118,0.0060639381408691
118,0.0057160854339599
118,0.0050020217895507
118,0.0050952434539794
118,0.0053646564483642
118,0.0058286190032958
118,0.006068468093872
118,0.0049679279327392
118,0.0063817501068115
118,0.006249189376831
118,0.0047693252563476
118,0.0053868293762207
118,0.0051395893096923
118,0.005253791809082
118,0.0051283836364746
118,0.0050506591796875
118,0.0044715404510498
118,0.0052762031555175
118,0.0050549507141113
118,0.0054295063018798
118,0.0047724246978759
118,0.0054142475128173
118,0.0054380893707275
118,0.0054438114166259
118,0.0054266452789306
118,0.005786657333374
118,0.0051698684692382
118,0.0058658123016357
118,0.0053308010101318
118,0.0053012371063232
118,0.0062255859375
118,0.0056765079498291
118,0.0054643154144287
118,0.004958152770996
118,0.006282091140747
118,0.0057277679443359
118,0.0045220851898193
118,0.0077600479125976
118,0.0057122707366943
118,0.0044252872467041
118,0.0058808326721191
118,0.0053064823150634
118,0.0055732727050781
118,0.0075628757476806
118,0.0049231052398681
118,0.006577730178833
118,0.0056343078613281
118,0.0059003829956054
118,0.0045633316040039
118,0.0062019824981689
118,0.0045950412750244
118,0.0056033134460449
118,0.0058591365814208
118,0.005246877670288
118,0.0080275535583496
118,0.0058455467224121
118,0.0047049522399902
118,0.0054891109466552
118,0.0050981044769287
118,0.0068247318267822
118,0.0046796798706054
118,0.0064294338226318
118,0.0059618949890136
118,0.005303144454956
118,0.0054602622985839
118,0.0057930946350097
118,0.006284475326538
118,0.00455904006958
118,0.0056753158569335
119,0.0056281089782714
119,0.0050578117370605
119,0.004812479019165
119,0.0054638385772705
119,0.0063109397888183
119,0.0064661502838134
119,0.0051519870758056
119,0.0050685405731201
119,0.0064795017242431
119,0.0069398880004882
119,0.0059802532196044
119,0.0059728622436523
119,0.0063037872314453
119,0.0051929950714111
119,0.0053362846374511
119,0.0057547092437744
119,0.0064654350280761
119,0.005448579788208
119,0.0056097507476806
119,0.005617618560791
119,0.0053880214691162
119,0.0060384273529052
119,0.0062947273254394
119,0.0055377483367919
119,0.0060763359069824
119,0.0059118270874023
119,0.0062589645385742
119,0.0060079097747802
119,0.0059566497802734
119,0.005946397781372
119,0.006404161453247
119,0.006129503250122
119,0.0055315494537353
119,0.0057311058044433
119,0.0054500102996826
119,0.0058403015136718
119,0.0055344104766845
119,0.0063555240631103
119,0.0054600238800048
119,0.0054709911346435
119,0.0059642791748046
119,0.005690574645996
119,0.0061979293823242
119,0.0062854290008544
119,0.006359577178955
119,0.0049355030059814
119,0.0050182342529296
119,0.0056588649749755
119,0.0055558681488037
119,0.0057058334350585
119,0.006209373474121
119,0.0058367252349853
119,0.006584882736206
119,0.0045831203460693
119,0.0044968128204345
119,0.0053815841674804
119,0.0057888031005859
119,0.0059595108032226
119,0.0054123401641845
119,0.0059809684753417
119,0.005336046218872
119,0.0061430931091308
119,0.0059249401092529
119,0.0045459270477294
119,0.0058310031890869
119,0.005591869354248
119,0.0057237148284912
119,0.0071582794189453
119,0.005418062210083
119,0.0056738853454589
119,0.0053470134735107
119,0.0057647228240966
119,0.0059766769409179
119,0.0063192844390869
119,0.0053446292877197
119,0.005631685256958
119,0.0047571659088134
119,0.0056631565093994
119,0.0058164596557617
119,0.0061385631561279
119,0.0060415267944335
119,0.0060713291168212
119,0.0061724185943603
119,0.0049774646759033
119,0.0060908794403076
119,0.006868839263916
119,0.0055673122406005
119,0.0060408115386962
119,0.0056414604187011
119,0.0060474872589111
119,0.0051813125610351
119,0.0053060054779052
119,0.0063827037811279
119,0.0065982341766357
119,0.006141185760498
119,0.0055890083312988
119,0.0055325031280517
119,0.0055832862854003
119,0.0052626132965087
119,0.0056824684143066
119,0.0057835578918457
119,0.0050129890441894
119,0.0053868293762207
119,0.0050067901611328
119,0.0057148933410644
120,0.0059590339660644
120,0.0047008991241455
120,0.0052740573883056
120,0.0049240589141845
120,0.0057454109191894
120,0.0054600238800048
120,0.0049185752868652
120,0.0051019191741943
120,0.0058643817901611
120,0.0061755180358886
120,0.0066511631011962
120,0.0063657760620117
120,0.0064620971679687
120,0.005706787109375
120,0.0064966678619384
120,0.005997896194458
120,0.0063939094543457
120,0.0060374736785888
120,0.0062615871429443
120,0.0061972141265869
120,0.0057685375213623
120,0.0059900283813476
120,0.0067975521087646
120,0.0053992271423339
120,0.0057072639465332
120,0.0064189434051513
120,0.0056114196777343
120,0.0064351558685302
120,0.005610704421997
120,0.005850076675415
120,0.0061635971069335
120,0.0058867931365966
120,0.0066604614257812
120,0.0068030357360839
120,0.0063037872314453
120,0.0066914558410644
120,0.0051493644714355
120,0.0055196285247802
120,0.0053341388702392
120,0.0061542987823486
120,0.0063443183898925
120,0.0061008930206298
120,0.0063352584838867
120,0.0055029392242431
120,0.005751609802246
120,0.0055665969848632
120,0.0081501007080078
120,0.005399465560913
120,0.0056626796722412
120,0.0054285526275634
120,0.0048024654388427
120,0.0053133964538574
120,0.0056524276733398
120,0.0059335231781005
120,0.0051789283752441
120,0.0057795047760009
120,0.0060617923736572
120,0.0054292678833007
120,0.0062305927276611
120,0.0054450035095214
120,0.0058495998382568
120,0.0061042308807373
120,0.0064241886138916
120,0.0054452419281005
120,0.0059366226196289
120,0.0048987865447998
120,0.0056371688842773
120,0.0058498382568359
120,0.0053629875183105
120,0.0060803890228271
120,0.0059788227081298
120,0.0060391426086425
120,0.0053639411926269
120,0.0053765773773193
120,0.0051305294036865
120,0.0062124729156494
120,0.0055849552154541
120,0.0055737495422363
120,0.0053682327270507
120,0.0054633617401123
120,0.0055735111236572
120,0.005974531173706
120,0.0052964687347412
120,0.0050652027130126
120,0.0053741931915283
120,0.0057497024536132
120,0.0058801174163818
121,0.0051720142364501
121,0.0062541961669921
121,0.0068552494049072
121,0.0056190490722656
121,0.0067300796508789
121,0.0072381496429443
121,0.0057475566864013
121,0.0053911209106445
121,0.0058047771453857
121,0.0058164596557617
121,0.0056216716766357
121,0.0061779022216796
121,0.0056703090667724
121,0.0063469409942626
121,0.0063683986663818
121,0.0057818889617919
121,0.0058403015136718
121,0.0057628154754638
121,0.00555419921875
121,0.0063638687133789
121,0.0057742595672607
121,0.0059926509857177
121,0.0075671672821044
121,0.0052893161773681
121,0.0060586929321289
121,0.0063028335571289
121,0.0054292678833007
121,0.0058720111846923
121,0.0062711238861083
121,0.0061910152435302
121,0.0057988166809082
121,0.0052552223205566
121,0.0059921741485595
121,0.0062639713287353
121,0.0059115886688232
121,0.0055632591247558
121,0.0064694881439208
121,0.0058772563934326
121,0.0056726932525634
121,0.0053784847259521
121,0.0055329799652099
121,0.0049505233764648
121,0.0053761005401611
121,0.0059783458709716
121,0.0052895545959472
121,0.0054442882537841
121,0.0057077407836914
121,0.0062029361724853
121,0.0053308010101318
121,0.0052835941314697
121,0.0050897598266601
122,0.0048086643218994
122,0.0052757263183593
122,0.0046823024749755
122,0.004828929901123
122,0.0055334568023681
122,0.0051665306091308
122,0.0050065517425537
122,0.0052871704101562
122,0.0051817893981933
122,0.0052394866943359
122,0.0055921077728271
122,0.0057134628295898
122,0.0052859783172607
122,0.0049109458923339
122,0.0057883262634277
122,0.0055694580078125
122,0.0046591758728027
122,0.0047621726989746
122,0.0054752826690673
122,0.004979133605957
122,0.0048041343688964
122,0.005889892578125
122,0.0057063102722167
122,0.00508713722229
122,0.0049829483032226
122,0.0056111812591552
122,0.0047364234924316
122,0.0051891803741455
122,0.0059859752655029
122,0.0062353610992431
122,0.0054459571838378
122,0.004676342010498
122,0.0047059059143066
122,0.0046930313110351
122,0.0050344467163085
122,0.0056350231170654
122,0.00484299659729
122,0.0047423839569091
122,0.0058081150054931
122,0.006000280380249
122,0.0051946640014648
122,0.0050475597381591
122,0.0057618618011474
122,0.0051488876342773
122,0.0050480365753173
122,0.0048356056213378
122,0.0055985450744628
122,0.004667043685913
122,0.0047304630279541
122,0.0057141780853271
122,0.0060551166534423
122,0.0062196254730224
122,0.0047779083251953
122,0.004612922668457
122,0.0059254169464111
122,0.0046696662902832
122,0.0053579807281494
122,0.0063610076904296
122,0.0048670768737792
122,0.0056591033935546
122,0.0049037933349609
122,0.0048496723175048
122,0.0056579113006591
122,0.0050709247589111
122,0.0046391487121582
122,0.0048060417175292
122,0.0048220157623291
122,0.0049827098846435
122,0.0056347846984863
122,0.0051124095916748
122,0.0051872730255126
122,0.0047602653503417
122,0.0047914981842041
122,0.005789041519165
122,0.0051414966583251
122,0.0049457550048828
122,0.0053608417510986
122,0.0053393840789794
122,0.0046780109405517
122,0.0046164989471435
122,0.0053868293762207
122,0.0046648979187011
122,0.004655122756958
122,0.0052630901336669
122,0.0047419071197509
122,0.0047223567962646
122,0.0052099227905273
122,0.0046420097351074
122,0.0051789283752441
122,0.0060594081878662
122,0.0051608085632324
122,0.005120038986206
122,0.0047206878662109
122,0.0047619342803955
122,0.0048272609710693
122,0.0046732425689697
122,0.0047316551208496
122,0.0045802593231201
122,0.0045733451843261
122,0.0046868324279785
122,0.0054688453674316
122,0.0052204132080078
122,0.0046262741088867
122,0.0046467781066894
122,0.004673957824707
122,0.005990982055664
122,0.0045926570892333
122,0.0046229362487792
122,0.0059950351715087
122,0.0052969455718994
122,0.0062687397003173
122,0.00575852394104
122,0.0058307647705078
122,0.0056955814361572
122,0.006305456161499
122,0.0058104991912841
122,0.0063421726226806
122,0.0064127445220947
122,0.0060596466064453
122,0.0059010982513427
122,0.006098985671997
122,0.0053920745849609
122,0.00539231300354
122,0.0056252479553222
122,0.0058324337005615
122,0.0057885646820068
122,0.0044951438903808
122,0.0048110485076904
122,0.0047366619110107
122,0.0053377151489257
122,0.0059571266174316
122,0.0056371688842773
122,0.0055453777313232
122,0.0051085948944091
122,0.0053608417510986
122,0.0055184364318847
122,0.0052623748779296
122,0.0065107345581054
122,0.0048670768737792
122,0.0047619342803955
122,0.0048308372497558
122,0.0045933723449707
122,0.0055646896362304
122,0.004746675491333
122,0.0049769878387451
122,0.0045974254608154
122,0.0057308673858642
122,0.0052170753479003
122,0.0048272609710693
122,0.0056903362274169
122,0.0047228336334228
122,0.0047304630279541
122,0.0049307346343994
122,0.0055327415466308
122,0.0054020881652832
122,0.0057458877563476
122,0.0054471492767333
122,0.0053699016571044
122,0.0053169727325439
122,0.0058441162109375
122,0.0047910213470458
122,0.0054271221160888
122,0.0047683715820312
122,0.005845308303833
122,0.0053443908691406
122,0.0054395198822021
122,0.0046579837799072
122,0.0057911872863769
122,0.0060691833496093
122,0.0047190189361572
122,0.0055232048034667
122,0.0058786869049072
122,0.0047874450683593
122,0.0055937767028808
122,0.0049641132354736
122,0.0047152042388916
122,0.0054636001586914
122,0.0055594444274902
122,0.0057160854339599
122,0.0065412521362304
122,0.0063400268554687
122,0.0060153007507324
122,0.0056574344635009
122,0.0056140422821044
122,0.0063710212707519
122,0.0064189434051513
122,0.0056209564208984
122,0.0059454441070556
122,0.0056490898132324
122,0.0053925514221191
122,0.005732774734497
122,0.0047001838684082
122,0.0061550140380859
122,0.005850076675415
122,0.0061385631561279
122,0.0054409503936767
122,0.0058271884918212
122,0.0056419372558593
122,0.0054647922515869
122,0.0058684349060058
122,0.005805492401123
122,0.0054414272308349
122,0.0061163902282714
122,0.0059435367584228
122,0.0046641826629638
122,0.0057640075683593
122,0.0055253505706787
122,0.0057830810546875
122,0.0052680969238281
122,0.0051050186157226
122,0.0050339698791503
122,0.0059385299682617
122,0.0054931640625
122,0.0052666664123535
122,0.0052883625030517
122,0.0057916641235351
122,0.0059304237365722
122,0.0062911510467529
122,0.006049633026123
123,0.0048847198486328
123,0.0055775642395019
123,0.0056984424591064
123,0.0052499771118164
123,0.0046920776367187
123,0.0047457218170166
123,0.0056402683258056
123,0.0057575702667236
123,0.00490403175354
123,0.0047752857208251
123,0.0051672458648681
123,0.0048768520355224
123,0.0047025680541992
123,0.0050663948059082
123,0.0052175521850585
123,0.0046985149383544
123,0.0047516822814941
123,0.0047338008880615
123,0.0056042671203613
123,0.0055139064788818
123,0.0048446655273437
123,0.0048921108245849
123,0.0048809051513671
123,0.005312442779541
123,0.0047395229339599
123,0.0047836303710937
123,0.0052549839019775
123,0.005275011062622
123,0.0052318572998046
123,0.00502610206604
123,0.0059387683868408
123,0.0050554275512695
123,0.0056397914886474
123,0.0058605670928955
123,0.0045850276947021
123,0.0046517848968505
123,0.0046620368957519
123,0.0052409172058105
123,0.0046484470367431
123,0.0046913623809814
123,0.004847764968872
123,0.0050239562988281
123,0.0056021213531494
123,0.0051643848419189
123,0.0057532787322998
123,0.0048472881317138
123,0.0049765110015869
123,0.0053086280822753
123,0.0060038566589355
123,0.0051617622375488
123,0.0052649974822998
123,0.0057032108306884
123,0.0051865577697753
123,0.0052239894866943
123,0.0056769847869873
123,0.0054433345794677
123,0.0057950019836425
123,0.004704475402832
123,0.0047130584716796
123,0.0048520565032958
123,0.0058891773223876
123,0.0061213970184326
123,0.0052747726440429
123,0.0051779747009277
123,0.0059401988983154
123,0.0046417713165283
123,0.0047316551208496
123,0.0047745704650878
123,0.0048584938049316
123,0.005234956741333
123,0.005403995513916
123,0.0059235095977783
123,0.0061569213867187
123,0.0047967433929443
123,0.0058367252349853
123,0.0046634674072265
123,0.0047588348388671
123,0.0049371719360351
123,0.0047724246978759
123,0.0053484439849853
123,0.0049464702606201
123,0.0046815872192382
123,0.0046160221099853
123,0.0054283142089843
123,0.004678726196289
123,0.0047385692596435
123,0.0057549476623535
123,0.0053598880767822
123,0.0047214031219482
123,0.004807710647583
123,0.0053012371063232
123,0.004704475402832
123,0.0046849250793457
123,0.0046961307525634
123,0.0051355361938476
123,0.0049026012420654
123,0.0049707889556884
123,0.0053696632385253
123,0.0048863887786865
123,0.005610704421997
123,0.0048649311065673
123,0.0057013034820556
123,0.0064876079559326
123,0.0051133632659912
123,0.005378246307373
123,0.0049014091491699
123,0.0053846836090087
123,0.0051989555358886
123,0.0049173831939697
123,0.0056478977203369
123,0.0048565864562988
123,0.0053260326385498
123,0.0047175884246826
123,0.0050821304321289
123,0.005223274230957
123,0.0047986507415771
123,0.0055229663848876
123,0.0047783851623535
123,0.0053014755249023
124,0.0048530101776123
124,0.0053873062133789
124,0.004688024520874
124,0.0058035850524902
124,0.0047614574432373
124,0.0046732425689697
124,0.00579833984375
124,0.0054371356964111
125,0.0067527294158935
125,0.0048956871032714
125,0.0048239231109619
125,0.0056324005126953
125,0.0048463344573974
126,0.0081987380981445
127,0.0054447650909423
127,0.0063779354095458
128,0.0052299499511718
129,0.0054535865783691
132,0.0052478313446044
137,0.0064797401428222
138,0.0069851875305175
162,0.0097513198852539
163,0.0081548690795898
189,0.0126771926879882
196,0.0133337974548339
208,0.0145812034606933
215,0.0172038078308105
215,0.0166397094726562
216,0.0170891284942626
216,0.0171539783477783
219,0.0174436569213867
225,0.0189268589019775
226,0.0203394889831542
230,0.0197854042053222
230,0.0193607807159423
231,0.0202329158782959
233,0.0200562477111816
234,0.0197663307189941
234,0.0207884311676025
235,0.0213096141815185
236,0.0210392475128173
236,0.0219321250915527
240,0.0220015048980712
240,0.0219380855560302
242,0.0227391719818115
242,0.02290940284729
243,0.0224058628082275
244,0.0232622623443603
244,0.0229735374450683
245,0.0233418941497802
247,0.023573875427246
248,0.0245230197906494
248,0.0238399505615234
249,0.0241596698760986
250,0.024106740951538
251,0.0263891220092773
251,0.0247747898101806
251,0.0246548652648925
252,0.0240552425384521
252,0.0250403881072998
252,0.0249264240264892
253,0.0251300334930419
254,0.0247499942779541
255,0.0252108573913574
255,0.0260455608367919
258,0.0271282196044921
259,0.0266988277435302
259,0.0277187824249267
260,0.027017593383789
260,0.0278916358947753
260,0.0273666381835937
260,0.0270187854766845
260,0.0268387794494628
261,0.0273990631103515
261,0.0270993709564209
261,0.027458906173706
262,0.0283598899841308
264,0.0281448364257812
264,0.0280971527099609
264,0.0286064147949218
264,0.0283732414245605
264,0.0292186737060546
265,0.0285456180572509
266,0.0294187068939209
266,0.0286364555358886
267,0.0293018817901611
267,0.0302550792694091
268,0.0294001102447509
268,0.0305328369140625
268,0.0308043956756591
268,0.029578685760498
268,0.0298759937286376
269,0.0309879779815673
270,0.0317037105560302
270,0.0311217308044433
270,0.0304994583129882
271,0.0296974182128906
271,0.0302743911743164
272,0.0319592952728271
272,0.030635118484497
273,0.0313353538513183
274,0.0323412418365478
274,0.0310292243957519
274,0.0310916900634765
275,0.0312600135803222
277,0.0319035053253173
277,0.0319836139678955
277,0.0325102806091308
277,0.0319962501525878
278,0.0325691699981689
279,0.0327963829040527
279,0.033452033996582
279,0.0327589511871337
280,0.0337555408477783
281,0.0331223011016845
282,0.033757209777832
282,0.0345940589904785
283,0.0339007377624511
284,0.0342648029327392
286,0.035269021987915
286,0.0356767177581787
287,0.0370955467224121
289,0.0370039939880371
289,0.0360760688781738
290,0.037053108215332
290,0.0363450050354003
291,0.0372402667999267
292,0.0369544029235839
293,0.0398080348968505
293,0.0369565486907959
294,0.0374665260314941
294,0.0375187397003173
294,0.0372822284698486
295,0.0381934642791748
296,0.0384612083435058
296,0.0389060974121093
296,0.0386610031127929
297,0.0387248992919921
298,0.0400021076202392
298,0.0391609668731689
298,0.0396621227264404
299,0.040910005569458
299,0.0413455963134765
300,0.0405154228210449
300,0.039896011352539
300,0.0398306846618652
301,0.039926528930664
301,0.0403761863708496
301,0.0420818328857421
302,0.0404255390167236
302,0.0412819385528564
302,0.0401234626770019
302,0.0418446063995361
303,0.0410950183868408
303,0.0410377979278564
304,0.0415530204772949
304,0.0428566932678222
305,0.0424928665161132
305,0.0415682792663574
305,0.0481722354888916
306,0.0430505275726318
306,0.0432817935943603
307,0.0421781539916992
307,0.0433709621429443
308,0.0426709651947021
308,0.0429427623748779
308,0.0455498695373535
309,0.0444779396057128
309,0.0432095527648925
310,0.0439729690551757
310,0.0432636737823486
310,0.0429394245147705
310,0.043041706085205
310,0.0436446666717529
312,0.0444533824920654
312,0.0450644493103027
312,0.044205904006958
315,0.0459597110748291
315,0.0454926490783691
316,0.045917272567749
316,0.0465021133422851
316,0.0456924438476562
316,0.0461599826812744
317,0.045957326889038
318,0.046077013015747
318,0.0470592975616455
319,0.0479607582092285
320,0.0485379695892334
320,0.0474846363067626
320,0.0489866733551025
321,0.0494747161865234
322,0.0485072135925293
324,0.048832893371582
326,0.0498020648956298
326,0.0505294799804687
326,0.0501258373260498
327,0.0511724948883056
328,0.0513045787811279
328,0.0517303943634033
330,0.0523602962493896
330,0.0519466400146484
331,0.0524947643280029
331,0.0527610778808593
332,0.0531153678894043
332,0.052438735961914
333,0.0532970428466796
334,0.0539343357086181
334,0.0531272888183593
335,0.0556962490081787
335,0.0547325611114501
336,0.0556068420410156
336,0.0565037727355957
338,0.0574381351470947
339,0.0561530590057373
339,0.057793378829956
340,0.05684494972229
340,0.0563619136810302
341,0.0585944652557373
342,0.0572929382324218
343,0.0579330921173095
343,0.0583984851837158
343,0.0584616661071777
344,0.057727575302124
345,0.0580275058746337
345,0.0585641860961914
345,0.0588209629058837
347,0.0595791339874267
347,0.0597672462463378
348,0.0600697994232177
349,0.0601401329040527
349,0.0612332820892334
349,0.0603904724121093
350,0.0606603622436523
350,0.0615351200103759
351,0.0611581802368164
352,0.0626513957977294
352,0.0629160404205322
352,0.0636224746704101
353,0.0625233650207519
353,0.065568208694458
354,0.0627949237823486
354,0.0630452632904052
354,0.0638132095336914
355,0.064418077468872
355,0.0630834102630615
355,0.063807725906372
356,0.0643625259399414
356,0.0645520687103271
357,0.0638768672943115
358,0.0650434494018554
358,0.0649216175079345
359,0.0656027793884277
359,0.0658144950866699
359,0.0670716762542724
359,0.0638544559478759
360,0.066251516342163
360,0.0674562454223632
360,0.0659470558166503
360,0.0655996799468994
361,0.0684876441955566
361,0.0666418075561523
361,0.066716194152832
362,0.0671751499176025
362,0.0668742656707763
363,0.0680553913116455
363,0.0685248374938964
363,0.0688800811767578
363,0.0681779384613037
363,0.0664706230163574
363,0.0676033496856689
363,0.0692067146301269
364,0.0699546337127685
364,0.0711359977722168
364,0.0684401988983154
365,0.0696206092834472
366,0.0693197250366211
366,0.0681936740875244
367,0.0692169666290283
367,0.0695714950561523
367,0.0696563720703125
368,0.0705294609069824
368,0.0694692134857177
368,0.0704944133758544
369,0.0709352493286132
369,0.0720176696777343
369,0.0716719627380371
369,0.070646047592163
370,0.0716028213500976
370,0.0714888572692871
370,0.0712661743164062
371,0.0712358951568603
371,0.0733017921447753
372,0.0743637084960937
372,0.0727949142456054
373,0.0737602710723877
374,0.0737578868865966
376,0.0750977993011474
376,0.0747897624969482
376,0.0748474597930908
376,0.0757207870483398
378,0.0775032043457031
378,0.0883126258850097
379,0.076061725616455
379,0.076075792312622
380,0.074552297592163
381,0.0779626369476318
382,0.0780086517333984
382,0.0793483257293701
383,0.0788917541503906
384,0.0795426368713378
385,0.079289436340332
385,0.0824966430664062
385,0.0786459445953369
386,0.0803179740905761
386,0.0805327892303466
387,0.0803613662719726
387,0.0813112258911132
388,0.0821423530578613
388,0.082205057144165
388,0.0817077159881591
389,0.0819983482360839
389,0.0832831859588623
390,0.0828094482421875
390,0.0825347900390625
392,0.0837833881378173
392,0.085702896118164
392,0.0852935314178466
393,0.0857136249542236
394,0.0851123332977294
394,0.0846807956695556
395,0.0840175151824951
395,0.0865139961242675
396,0.0867905616760253
397,0.0877318382263183
397,0.0873808860778808
397,0.0872673988342285
397,0.0892920494079589
398,0.0879557132720947
399,0.0880429744720459
399,0.0880806446075439
400,0.0899429321289062
400,0.0895619392395019
401,0.0911664962768554
401,0.0910441875457763
403,0.0928270816802978
403,0.0931923389434814
403,0.0914323329925537
403,0.0944883823394775
403,0.0921669006347656
405,0.0951757431030273
405,0.0923454761505127
405,0.0923607349395752
406,0.0928764343261718
407,0.0933053493499755
408,0.0966060161590576
408,0.0962007045745849
408,0.0944101810455322
409,0.0946104526519775
410,0.0957198143005371
411,0.0972580909729003
411,0.0962393283843994
411,0.0952510833740234
411,0.0968379974365234
411,0.099109411239624
411,0.0958650112152099
411,0.0965359210968017
411,0.0975472927093505
411,0.0969750881195068
411,0.0974259376525878
412,0.0974543094635009
412,0.0988507270812988
413,0.1005210876464843
414,0.0961740016937255
415,0.0987646579742431
415,0.1023082733154296
417,0.1024596691131591
418,0.1023166179656982
418,0.1009645462036132
418,0.1033384799957275
419,0.1011273860931396
420,0.1029040813446044
420,0.1021137237548828
421,0.1031522750854492
422,0.1032314300537109
422,0.1035714149475097
423,0.1035583019256591
424,0.1061208248138427
424,0.1070423126220703
424,0.1088612079620361
425,0.1055483818054199
425,0.1065194606781005
426,0.1079511642456054
427,0.1084797382354736
428,0.1074268817901611
429,0.109222412109375
430,0.1096558570861816
431,0.1144309043884277
432,0.1118354797363281
433,0.1157753467559814
433,0.1128768920898437
435,0.1157355308532714
435,0.1163291931152343
436,0.113800048828125
437,0.1142117977142334
437,0.1165335178375244
438,0.11556077003479
439,0.1173770427703857
440,0.1181755065917968
441,0.1180081367492675
442,0.1195294857025146
443,0.1216018199920654
443,0.1184859275817871
443,0.1195869445800781
444,0.1225719451904296
446,0.1226677894592285
446,0.1227774620056152
447,0.130380630493164
448,0.1232495307922363
449,0.1246058940887451
450,0.1253652572631836
451,0.1287763118743896
452,0.1264848709106445
453,0.1271865367889404
454,0.1287446022033691
455,0.1290416717529297
455,0.1288495063781738
456,0.1266396045684814
459,0.1320805549621582
459,0.1343195438385009
460,0.1329982280731201
461,0.1353716850280761
462,0.1342232227325439
462,0.1370489597320556
463,0.1347136497497558
464,0.1391310691833496
464,0.136343240737915
464,0.1391158103942871
464,0.136791706085205
465,0.1357905864715576
465,0.1376223564147949
466,0.1407051086425781
467,0.1411211490631103
469,0.1407363414764404
469,0.1438016891479492
469,0.1405761241912841
471,0.1444768905639648
472,0.1444683074951172
472,0.1432228088378906
473,0.1449551582336425
474,0.1500773429870605
476,0.1475272178649902
478,0.1519145965576172
479,0.155712604522705
480,0.1559023857116699
480,0.1516814231872558
484,0.1542737483978271
487,0.1624603271484375
488,0.1655840873718261
489,0.1601381301879882
490,0.1613776683807373
493,0.1618006229400634
494,0.1679868698120117
496,0.1660585403442382
497,0.1684598922729492
498,0.1687343120574951
499,0.171457290649414
500,0.1701211929321289
500,0.1706523895263672
500,0.1760838031768798
501,0.170987844467163
502,0.1755056381225586
504,0.1751770973205566
504,0.1751604080200195
506,0.1760296821594238
507,0.1873795986175537
508,0.1841695308685302
510,0.1870217323303222
510,0.2043862342834472
511,0.1851618289947509
512,0.185856819152832
513,0.1811573505401611
515,0.1855554580688476
517,0.1927642822265625
518,0.1987385749816894
521,0.1923360824584961
522,0.1965851783752441
524,0.193918228149414
524,0.1982197761535644
527,0.1971595287322998
528,0.1993873119354248
528,0.2039029598236084
529,0.2005789279937744
530,0.2005140781402588
532,0.2060985565185547
533,0.2052786350250244
534,0.2112669944763183
534,0.2049107551574707
535,0.2137203216552734
535,0.210871934890747
536,0.2096438407897949
537,0.2124145030975341
538,0.2206432819366455
540,0.2186603546142578
541,0.2200992107391357
543,0.2168371677398681
546,0.2214829921722412
547,0.2250173091888427
549,0.2269189357757568
550,0.227959394454956
550,0.2264642715454101
551,0.2276382446289062
553,0.2324447631835937
554,0.2299230098724365
556,0.2362022399902343
559,0.2392337322235107
560,0.2375521659851074
560,0.2465889453887939
561,0.2420828342437744
563,0.2516789436340332
563,0.2447757720947265
563,0.2437798976898193
563,0.2538328170776367
563,0.2644391059875488
564,0.2476005554199218
564,0.2519726753234863
564,0.2555453777313232
564,0.2553284168243408
564,0.2571043968200683
565,0.2479803562164306
565,0.255152940750122
567,0.2500224113464355
568,0.2485358715057373
571,0.2445054054260254
573,0.2585988044738769
576,0.2623083591461181
578,0.2696406841278076
583,0.2688522338867187
586,0.2782328128814697
587,0.2790455818176269
588,0.2764115333557129
590,0.2840087413787842
593,0.2864203453063965
593,0.2804851531982422
597,0.2910656929016113
600,0.2951555252075195
602,0.296630859375
608,0.3094472885131836
610,0.3108887672424316
612,0.3133933544158935
614,0.3118073940277099
615,0.3155300617218017
619,0.3295717239379883
621,0.3274495601654053
622,0.3255345821380615
623,0.3433914184570312
625,0.3394594192504883
629,0.3390014171600342
635,0.3483359813690185
640,0.3571863174438476
642,0.3590803146362304
643,0.3565177917480469
646,0.3701791763305664
649,0.3707132339477539
654,0.384955883026123
658,0.3902442455291748
660,0.3982019424438476
660,0.3953328132629394
663,0.401482343673706
666,0.4010353088378906
669,0.3900794982910156
673,0.4219019412994385
676,0.4267053604125976
679,0.4328768253326416
682,0.4346542358398437
686,0.4475228786468506
689,0.4430551528930664
693,0.4632658958435058
696,0.4686837196350097
699,0.4552838802337646
700,0.4716742038726806
702,0.4779562950134277
707,0.4920949935913086
711,0.4849460124969482
714,0.5030169486999512
719,0.4963405132293701
721,0.501744270324707
724,0.5048685073852539
729,0.5221247673034668
730,0.5269944667816162
732,0.5298559665679932
734,0.5373373031616211
738,0.538790225982666
740,0.5462327003479004
741,0.5497181415557861
744,0.5556139945983887
748,0.5770347118377686
750,0.5768768787384033
752,0.5766551494598389
754,0.5792820453643799
756,0.6007974147796631
758,0.5915415287017822
760,0.5951893329620361
763,0.6048085689544678
764,0.6062862873077393
766,0.6077513694763184
769,0.6161785125732422
771,0.6223132610321045
771,0.6202621459960938
772,0.6303198337554932
773,0.6230876445770264
776,0.6244935989379883
777,0.6513316631317139
779,0.663377046585083
780,0.6684448719024658
781,0.6536219120025635
783,0.6641321182250977
783,0.6679890155792236
784,0.660076379776001
785,0.6659245491027832
786,0.6650629043579102
788,0.6766602993011475
789,0.6711270809173584
791,0.6802034378051758
792,0.6890530586242676
793,0.7027390003204346
794,0.6827991008758545
795,0.6944165229797363
796,0.6968257427215576
797,0.687230110168457
798,0.7123138904571533
799,0.6921679973602295
800,0.7140252590179443
800,0.7300803661346436
800,0.7244293689727783
800,0.7262461185455322
800,0.7199001312255859
800,0.7181730270385742
800,0.7072498798370361
800,0.703963041305542
800,0.7150933742523193
800,0.7048821449279785
800,0.6997683048248291
800,0.696028470993042
800,0.7087557315826416
800,0.731959342956543
801,0.7193727493286133
802,0.732734203338623
803,0.729193925857544
803,0.6814453601837158
804,0.7066183090209961
805,0.711158037185669
806,0.7231628894805908
807,0.7199182510375977
808,0.701000452041626
809,0.7263193130493164
811,0.7379636764526367
813,0.7357239723205566
813,0.750380277633667
814,0.7414886951446533
815,0.7394003868103027
816,0.7418248653411865
816,0.7512319087982178
817,0.7640817165374756
818,0.7744195461273193
819,0.7752161026000977
820,0.7768139839172363
820,0.754202127456665
822,0.7860395908355713
823,0.7991526126861572
824,0.8082256317138672
825,0.7955045700073242
825,0.8059675693511963
825,0.7943694591522217
826,0.8033530712127686
827,0.8073954582214355
828,0.7976210117340088
829,0.7628200054168701
831,0.7993874549865723
832,0.7930238246917725
833,0.7910661697387695
834,0.8009586334228516
834,0.7907311916351318
835,0.7887794971466064
837,0.8106827735900879
838,0.8058722019195557
839,0.8005077838897705
840,0.8121614456176758
841,0.8177218437194824
842,0.8198146820068359
843,0.8121552467346191
844,0.8196463584899902
845,0.8252878189086914
846,0.8265862464904785
847,0.8306212425231934
848,0.8501157760620117
849,0.8334743976593018
850,0.8159105777740479
851,0.8591611385345459
854,0.8588356971740723
856,0.8756225109100342
857,0.8746962547302246
862,0.8873841762542725
866,0.8863215446472168
869,0.8866982460021973
872,0.9057810306549072
873,0.9051902294158936
877,0.9139232635498048
877,0.909388303756714
880,0.9350852966308594
881,0.9428300857543944
884,0.9436523914337158
886,0.946821928024292
886,0.9563231468200684
887,0.9608237743377686
887,0.9597890377044678
889,0.9656624794006348
894,0.9829709529876708
897,0.9901940822601318
901,0.9922070503234864
902,1.0094902515411377
911,1.0039558410644531
915,1.0521597862243652
918,1.0618078708648682
921,1.0791971683502195
925,1.139176607131958
926,1.08188796043396
930,1.1540369987487793
934,1.1635165214538574
938,1.1776056289672852
942,1.1960716247558594
943,1.170090913772583
949,1.195652723312378
953,1.1860196590423584
956,1.1931884288787842
959,1.2032654285430908
960,1.2174975872039795
963,1.228147268295288
964,1.2634942531585691
969,1.3311758041381836
974,1.2916638851165771
978,1.280780553817749
983,1.3089678287506104
988,1.3622040748596191
1005,1.4257612228393557
1009,1.4493448734283447
1012,1.4882805347442627
1024,1.4834191799163818
1031,1.58591628074646
1054,1.6088824272155762
1067,1.654630184173584
1073,1.7199199199676514
1079,1.7186830043792725
1090,1.7838172912597656
1099,1.877389669418335
1109,1.9070470333099363
1119,1.964887619018555
1137,2.0133633613586426
1150,2.11977481842041
1160,2.1691336631774902
1175,2.261666774749756
1180,2.2944037914276123
1184,2.310520648956299
1186,2.362790107727051
1192,2.3302059173583984
1198,2.404427051544189
1202,2.441741466522217
1209,2.528264045715332
1213,2.502288818359375
1216,2.4942941665649414
1225,2.560677289962769
1232,2.5643980503082275
1237,2.5711987018585205
1239,2.58193588256836
1240,2.671964406967163
1244,2.6659412384033203
1246,2.659131526947021
1247,2.682844400405884
1248,2.686310291290283
1251,2.6801342964172363
1255,2.7553133964538574
1258,2.8211798667907715
1262,2.8088552951812744
1266,2.84370756149292
1270,2.875044822692871
1279,2.8696298599243164
1284,2.896557569503784
1287,2.9425501823425293
1293,3.0533339977264404
1297,3.189134120941162
1303,3.229646921157837
1306,3.278442621231079
1308,3.1282010078430176
1311,3.1670479774475098
1313,3.220726728439331
1313,3.057943820953369
1313,3.089111804962158
1314,3.0857644081115723
1315,3.1142539978027344
1318,3.2427637577056885
1319,3.2215118408203125
1320,3.2772529125213623
1322,3.321770429611206
1323,3.343491077423096
1325,3.321985960006714
1326,3.275074005126953
1327,3.213173151016236
1328,3.2317588329315186
1330,3.1910083293914795
1332,3.202376365661621
1333,3.2132692337036133
1334,3.2175750732421875
1334,3.201391696929932
1335,3.375332355499268
1335,3.340407609939575
1335,3.313652515411377
1335,3.392115354537964
1337,3.452447891235352
1338,3.434406518936157
1338,3.4533767700195312
1340,3.4815709590911865
1340,3.423882007598877
1341,3.45214319229126
1342,3.471077919006348
1343,3.3981850147247314
1344,3.378802299499512
1344,3.404380798339844
1344,3.3653910160064697
1344,3.502398729324341
1346,3.427107810974121
1347,3.503539800643921
1348,3.471018552780152
1349,3.361982583999634
1351,3.492803812026977
1352,3.392364978790283
1353,3.3838930130004883
1355,3.491971492767334
1356,3.466395139694214
1358,3.506930351257324
1359,3.4292755126953125
1359,3.449843645095825
1361,3.4863131046295166
1361,3.4038197994232178
1362,3.5762856006622314
1363,3.697332620620728
1364,3.682905912399292
1365,3.7204413414001465
1366,3.6340949535369873
1366,3.554222345352173
1367,3.36452054977417
1367,3.569957971572876
1367,3.6342945098876953
1368,3.5735340118408203
1369,3.499919176101685
1369,3.4869842529296875
1370,3.543787002563477
1370,3.58784818649292
1371,3.509312152862549
1372,3.666464328765869
1373,3.735306024551392
1373,3.8105907440185542
1374,3.7166900634765625
1374,3.611070871353149
1375,3.4836950302124023
1375,3.545534372329712
1375,3.4531378746032715
1375,3.5473198890686035
1375,3.624038219451904
1375,3.529470443725586
1376,3.766342878341675
1376,3.6458427906036377
1376,3.73252272605896
1376,3.633313655853272
1376,3.741488695144653
1376,3.8163483142852783
1376,3.552807092666626
1376,3.684218883514404
1376,3.577845811843872
1376,3.554584264755249
1376,3.343342065811157
1376,3.5495195388793945
1376,3.699198246002197
1377,3.675234794616699
1378,3.678303480148315
1379,3.7116587162017822
1379,3.784371852874756
1379,3.7097132205963135
1380,3.707153558731079
1381,3.6003077030181885
1382,3.654953718185425
1382,3.702059507369995
1383,3.8126025199890137
1384,3.708351373672485
1384,3.719146490097046
1384,3.854896306991577
1385,3.649013996124268
1385,3.656142950057984
1386,3.569231510162353
1386,3.608215808868408
1387,3.660451412200928
1387,3.63093638420105
1388,3.723700761795044
1388,3.663578510284424
1388,3.677243947982788
1389,3.6791141033172607
1389,3.769733667373657
1389,3.6866283416748047
1389,3.8894007205963135
1390,3.8075835704803462
1390,3.6949942111968994
1390,3.7090563774108887
1390,3.700124502182007
1391,3.770756483078003
1391,3.796803951263428
1392,3.8002331256866455
1392,3.862767457962036
1392,3.867122650146485
1392,3.8370437622070312
1392,3.807008266448975
1393,3.812655448913574
1393,3.723896026611328
1394,3.738003253936768
1394,3.687019109725952
1395,3.740224123001098
1395,3.720043659210205
1396,3.71309757232666
1396,3.7323038578033447
1396,3.810298442840576
1396,3.903711318969727
1396,3.9099061489105225
1396,3.709343194961548
1396,3.78040075302124
1397,3.7592906951904297
1398,3.857881784439087
1398,3.809143543243408
1399,3.88896107673645
1399,3.8668699264526367
1399,3.93654727935791
1400,4.042232275009155
1400,3.992965698242188
1400,3.8201632499694815
1400,3.715358018875122
1400,3.727949857711792
1401,3.72062873840332
1401,3.764260053634644
1401,3.8689353466033936
1401,3.910364866256714
1401,3.836579322814941
1402,3.7648210525512695
1402,3.764540672302246
1402,3.855753183364868
1402,3.7788407802581783
1402,3.800071239471436
1402,3.7679615020751953
1403,3.805386543273926
1403,3.9424099922180176
1403,3.68502140045166
1404,3.972566366195679
1404,3.8710553646087646
1405,4.00518274307251
1405,3.8212153911590576
1405,3.744472026824951
1405,3.8033173084259033
1405,3.80920934677124
1406,3.783846378326416
1406,3.8305857181549072
1406,3.8453333377838135
1406,3.847372531890869
1407,3.879459619522095
1407,3.9607441425323486
1407,3.936502456665039
1407,3.960283517837525
1408,3.965951204299927
1408,4.192757606506348
1408,3.9803972244262695
1409,3.770229816436768
1409,3.811689853668213
1409,3.814120292663574
1409,3.784467935562134
1409,3.8050403594970703
1409,3.8559420108795166
1409,3.808420658111572
1409,3.784428119659424
1409,3.8695263862609854
1409,3.884330749511719
1410,3.919288873672485
1410,4.084686994552612
1410,3.920395612716675
1410,4.038994789123535
1410,4.063865661621094
1411,4.131423473358154
1411,4.000477313995361
1411,3.910531520843506
1411,3.9051451683044434
1411,3.8753914833068848
1412,3.932093143463135
1412,3.7850210666656494
1412,4.000259637832642
1412,3.994155168533325
1412,3.8653953075408936
1412,3.9283740520477295
1412,3.945352077484131
1413,3.8594071865081783
1413,3.8197579383850098
1413,3.850204944610596
1413,3.832436800003052
1413,3.843147993087769
1414,3.973912715911865
1414,4.08251428604126
1414,3.9288525581359854
1415,4.023987293243408
1415,3.96445894241333
1415,4.033242702484131
1415,4.032129764556885
1415,4.083149194717407
1416,3.913346290588379
1416,3.967402696609497
1416,3.8215489387512207
1417,3.8800032138824463
1417,3.900010585784912
1417,3.946256875991821
1417,3.9371914863586426
1418,3.9287171363830566
1418,3.8889718055725098
1419,3.86016058921814
1419,3.939265012741089
1419,3.850072145462036
1419,4.130755662918091
1419,4.009634494781494
1419,4.077183723449707
1420,3.898332357406616
1420,3.826268434524536
1420,3.919745683670044
1420,3.821115732192993
1420,4.122535943984985
1421,4.110773801803589
1421,3.9986183643341056
1421,4.025128126144409
1421,4.113772392272949
1421,4.075346946716309
1422,3.983509302139282
1422,4.102020978927612
1422,4.0779664516448975
1423,4.022860527038574
1423,4.110649585723877
1423,3.999087333679199
1423,4.096892833709717
1424,4.176315307617188
1424,4.115911722183228
1424,4.132438659667969
1424,4.137693643569946
1425,4.09195351600647
1425,4.06714391708374
1425,3.698385238647461
1425,3.971973419189453
1426,3.902766942977905
1426,3.9310245513916016
1426,3.935917615890503
1426,3.928080320358277
1426,3.922051906585693
1426,3.9498190879821777
1426,3.955478191375733
1426,3.936437368392944
1427,4.174276828765869
1427,4.232157707214356
1427,4.157453775405884
1427,4.202966213226318
1428,4.1560235023498535
1428,4.181429624557495
1428,4.092064142227173
1428,4.2015111446380615
1429,3.982692003250122
1429,4.203693628311157
1429,4.033653974533081
1429,4.052887201309204
1430,3.974886417388916
1430,4.05245566368103
1430,3.9739699363708496
1430,4.201999664306641
1430,4.112534761428833
1430,4.226508378982544
1431,3.985110521316528
1431,3.9758026599884033
1431,4.074248313903809
1432,4.240529775619507
1432,4.247957944869995
1432,4.034470558166504
1432,3.906475305557251
1432,4.017350196838379
1432,4.015998840332031
1432,3.973109245300293
1433,4.312652349472046
1433,4.20649003982544
1433,4.223496675491333
1433,4.251445531845093
1433,4.204674482345581
1433,4.120189666748047
1434,4.274448156356812
1434,4.220205545425415
1434,4.045408248901367
1434,4.005539178848267
1434,4.2291178703308105
1435,4.239315271377564
1435,4.001413583755493
1435,3.847301959991455
1435,4.200517416000366
1435,3.994705677032471
1435,4.057407855987549
1435,4.024615049362183
1436,4.27990984916687
1436,4.2248241901397705
1436,4.125695466995239
1436,4.192034959793091
1436,3.959042549133301
1436,4.25490140914917
1436,4.1220808029174805
1437,4.241609573364258
1437,4.120597839355469
1437,4.041666746139526
1437,4.062110662460327
1437,4.02877140045166
1437,4.051018953323364
1437,4.073036670684815
1437,4.067059516906738
1438,4.172305345535278
1438,4.214359045028687
1438,4.021254301071167
1438,4.200001001358032
1438,4.085700511932373
1439,4.051083087921143
1439,4.07707405090332
1439,4.093241930007935
1439,4.156970739364624
1439,4.070911407470703
1440,4.127452850341797
1440,4.013059139251709
1440,4.13751745223999
1440,4.081795930862427
1440,4.150396823883057
1440,4.2123024463653564
1441,4.31683087348938
1441,4.314822435379028
1441,4.276890516281128
1441,4.304732322692871
1441,4.142807245254517
1442,4.0864739418029785
1442,4.144678592681885
1442,4.147807598114014
1442,4.09744119644165
1443,4.127511978149414
1443,4.134937524795532
1443,4.139569282531738
1443,4.14553165435791
1443,4.291433334350586
1443,4.302317380905151
1444,4.091527223587036
1444,4.121847629547119
1444,4.051893472671509
1444,4.079640626907349
1444,4.1948418617248535
1445,4.121133327484131
1445,4.106362819671631
1445,4.266969919204712
1445,4.33661699295044
1445,4.20417857170105
1446,4.236947059631348
1446,4.320313453674316
1446,4.187845230102539
1446,4.226436138153076
1446,4.074386835098267
1447,4.216736555099487
1447,4.354670763015747
1447,4.370647192001343
1447,4.246087074279785
1447,4.251487731933594
1447,4.318314075469971
1448,4.132002353668213
1448,4.115070104598999
1448,4.082293748855591
1448,4.058151483535767
1448,4.177327632904053
1448,4.119085311889648
1448,4.313074111938477
1449,4.348696231842041
1449,4.338320970535278
1449,4.386709213256836
1449,4.433721303939819
1449,4.386587858200073
1449,4.394596576690674
1449,4.443593978881836
1450,4.340195894241333
1450,4.102847576141357
1450,4.292253017425537
1450,4.282947540283203
1450,4.309299945831299
1450,4.21529221534729
1450,4.258545160293579
1450,4.298907279968262
1450,4.217835187911987
1450,4.415330171585083
1450,4.205000877380371
1450,4.318924188613892
1451,4.176220178604126
1451,4.188287019729614
1451,4.188324451446533
1451,4.388953447341919
1451,4.218080282211304
1451,4.177686452865601
1452,4.12790584564209
1452,4.464076280593872
1452,4.129464387893677
1452,4.258981704711914
1452,4.154499053955078
1453,4.318578481674194
1453,4.253252744674683
1453,4.450481176376343
1453,4.339490413665772
1453,4.27172327041626
1453,4.386748790740967
1454,4.353407621383667
1454,4.3207197189331055
1454,4.343257904052734
1454,4.380305767059326
1454,4.439253091812134
1454,4.426175355911255
1454,4.19243860244751
1454,4.303480863571167
1455,4.263484716415405
1455,4.202665328979492
1455,4.249822378158569
1455,4.225610256195068
1455,4.275713205337524
1456,4.402484655380249
1456,4.197214365005493
1456,4.289693355560303
1456,4.270245313644409
1456,4.53804874420166
1457,4.336957216262817
1457,4.283064842224121
1457,4.466273307800293
1457,4.41072154045105
1457,4.259240627288818
1458,4.475558519363403
1458,4.388824701309204
1458,4.417649984359741
1458,4.422494888305664
1459,4.103434085845947
1459,4.40343165397644
1459,4.277995586395264
1459,4.330414772033691
1460,4.179234027862549
1460,4.265487432479858
1460,4.355218172073364
1460,4.183041334152222
1460,4.231364488601685
1461,4.228172063827515
1461,4.478598356246948
1461,4.415562868118286
1461,4.334659099578857
1462,4.358046770095825
1462,4.360426187515259
1462,4.413829803466797
1462,4.38754677772522
1463,4.269006729125977
1463,4.308519840240479
1463,4.326096773147583
1463,4.244664430618286
1464,4.571410417556763
1464,4.488100051879883
1464,4.357802152633667
1464,4.27639102935791
1464,4.564539909362793
1464,4.308212995529175
1465,4.362163305282593
1465,4.541366100311279
1465,4.539243698120117
1466,4.297069549560547
1466,4.457273006439209
1466,4.376716136932373
1466,4.30070424079895
1466,4.373138904571533
1466,4.355934143066406
1467,4.477265357971191
1467,4.3351967334747314
1467,4.502748012542725
1467,4.341903924942017
1467,4.543057203292847
1468,4.603893280029297
1468,4.614553451538086
1468,4.573884963989258
1468,4.59641695022583
1468,4.5948874950408936
1468,4.485904693603516
1468,4.604433059692383
1468,4.535727739334106
1469,4.351513147354126
1469,4.2950074672698975
1469,4.491680383682251
1469,4.373891115188599
1469,4.460614442825317
1470,4.56175708770752
1470,4.566141843795776
1470,4.536092758178711
1470,4.527044534683228
1470,4.381512641906738
1470,4.286074161529541
1470,4.243889331817627
1470,4.530656099319458
1470,4.505757808685303
1471,4.623655319213867
1471,4.468994855880737
1471,4.382172346115112
1471,4.436852693557739
1471,4.350650310516357
1472,4.552701950073242
1472,4.419130086898804
1472,4.336250066757202
1472,4.594287633895874
1472,4.490232467651367
1472,4.439615726470947
1472,4.394339084625244
1472,4.448509931564331
1472,4.321068048477173
1473,4.426191091537476
1473,4.431298017501831
1473,4.429107427597046
1473,4.549353361129761
1473,4.329549074172974
1473,4.403627872467041
1473,4.362605810165405
1473,4.380346775054932
1474,4.526070594787598
1474,4.529951810836792
1474,4.597285985946655
1474,4.617919683456421
1474,4.589820146560669
1474,4.487191200256348
1474,4.4535322189331055
1474,4.5784831047058105
1474,4.478481292724609
1474,4.589087963104248
1475,4.35191798210144
1475,4.3922812938690186
1475,4.355362415313721
1475,4.428329944610596
1475,4.397335529327393
1475,4.336983919143677
1475,4.541231393814087
1475,4.4694459438323975
1475,4.669568061828613
1475,4.331095457077026
1475,4.603630065917969
1475,4.579471111297607
1475,4.390429735183716
1476,4.595803737640381
1476,4.6075279712677
1476,4.439157247543335
1476,4.551285982131958
1476,4.507926225662232
1476,4.464906454086304
1476,4.427178144454956
1476,4.454152345657349
1476,4.437822818756104
1476,4.602872848510742
1476,4.49446439743042
1476,4.568896770477295
1476,4.644577264785767
1477,4.57450532913208
1477,4.436530828475952
1477,4.444092750549316
1477,4.409291505813599
1477,4.463770627975464
1477,4.4426045417785645
1477,4.447839975357056
1477,4.429334163665772
1477,4.376876592636108
1477,4.408721923828125
1477,4.503295183181763
1477,4.562110662460327
1477,4.425318241119385
1477,4.383074998855591
1478,4.6397669315338135
1478,4.660924434661865
1478,4.522473096847534
1478,4.559778213500977
1478,4.517260789871216
1478,4.669346570968628
1478,4.491621732711792
1478,4.54420804977417
1478,4.624223232269287
1478,4.543407440185547
1479,4.675069570541382
1479,4.601444721221924
1479,4.595492601394653
1479,4.559617280960083
1479,4.505926609039307
1479,4.444047689437866
1479,4.21619176864624
1479,4.416850566864014
1479,4.400947332382202
1479,4.490131378173828
1480,4.491373538970947
1480,4.492688179016113
1480,4.44334602355957
1480,4.502611875534058
1480,4.431210994720459
1480,4.683439016342163
1480,4.529155254364014
1480,4.449282169342041
1481,4.5322265625
1481,4.62763237953186
1481,4.660820007324219
1481,4.543619871139526
1481,4.626806259155273
1481,4.532605171203613
1481,4.4915101528167725
1481,4.427160263061523
1482,4.381866931915283
1482,4.406952381134033
1482,4.416009426116943
1482,4.46174430847168
1482,4.518984794616699
1482,4.5073676109313965
1482,4.582583904266357
1483,4.666128635406494
1483,4.657716274261475
1483,4.524932384490967
1483,4.591862916946411
1483,4.380934000015259
1483,4.583501100540161
1483,4.598435640335083
1484,4.714589834213257
1484,4.5386247634887695
1484,4.6016106605529785
1484,4.423765659332275
1484,4.620039463043213
1484,4.688363075256348
1484,4.656195163726807
1485,4.236940145492554
1485,4.502670764923096
1485,4.414117813110352
1485,4.431090354919434
1486,4.605316638946533
1486,4.7476842403411865
1486,4.46674108505249
1486,4.707091331481934
1486,4.657857894897461
1487,4.586138010025024
1487,4.709641456604004
1487,4.672226428985596
1487,4.564520359039307
1487,4.582247972488403
1488,4.509121417999268
1488,4.495208978652954
1488,4.6050705909729
1488,4.23179817199707
1489,4.472905397415161
1489,4.515897274017334
1489,4.468353033065796
1489,4.519924640655518
1489,4.545794248580933
1489,4.695842504501343
1490,4.500760316848755
1490,4.493338108062744
1490,4.700926065444946
1490,4.550880193710327
1490,4.6372153759002686
1490,4.734222650527954
1490,4.364405393600464
1490,4.609123229980469
1491,4.701629161834717
1491,4.777151346206665
1491,4.716362237930298
1491,4.681059122085571
1491,4.681681394577026
1491,4.692483186721802
1492,4.538589477539063
1492,4.559463739395142
1492,4.591970443725586
1492,4.784296035766602
1493,4.519989728927612
1493,4.750499486923218
1493,4.456191778182983
1493,4.801745414733887
1493,4.791917562484741
1494,4.483591079711914
1494,4.51669979095459
1494,4.554141998291016
1494,4.524213552474976
1495,4.637503623962402
1495,4.525538444519043
1495,4.592750310897827
1495,4.776880741119385
1496,4.81032657623291
1496,4.805541276931763
1496,4.736558198928833
1496,4.700155258178711
1497,4.655712842941284
1497,4.679690837860107
1497,4.662435054779053
1498,4.779212951660156
1498,4.707374095916748
1499,4.744648694992065
1499,4.552407741546631
1499,4.780992031097412
1499,4.65596079826355
1500,4.59888219833374
1500,4.624522686004639
1501,4.575365304946899
1501,4.555023193359375
1501,4.720463037490845
1502,4.759496688842773
1502,4.690955638885498
1502,4.765164613723755
1503,4.648715972900391
1503,4.635915517807007
1503,4.745392084121704
1504,4.870530843734741
1504,4.828549861907959
1504,4.689200878143311
1504,4.764368295669556
1504,4.737158536911011
1505,4.884223937988281
1505,4.955986499786377
1505,4.892767190933228
1505,4.876478672027588
1506,4.682682275772095
1506,4.688455581665039
1506,4.661273241043091
1507,4.6246256828308105
1507,4.665021657943726
1507,4.781177759170532
1508,4.846733331680298
1508,4.990442514419556
1508,4.892070055007935
1508,4.920780181884766
1509,4.758163690567017
1509,4.85920524597168
1509,4.799561977386475
1509,4.727113962173462
1510,4.7345945835113525
1510,4.772351741790772
1510,4.710433721542358
1510,4.7577056884765625
1511,4.893662929534912
1511,4.956505060195923
1511,4.758657693862915
1511,4.701663017272949
1512,4.782146692276001
1512,4.747179269790649
1512,4.743229866027832
1513,4.747514724731445
1513,4.776184558868408
1513,4.725947141647339
1514,5.011152029037476
1514,5.012009143829346
1514,5.008981943130493
1514,5.035016775131226
1515,4.930733919143677
1515,4.946604013442993
1515,4.803697347640991
1515,4.7790491580963135
1515,4.85696268081665
1516,4.803784132003784
1516,4.929991245269775
1516,4.851465225219727
1517,4.945337533950806
1517,4.773059129714966
1517,4.977558851242065
1517,4.952195882797241
1517,5.044524669647217
1518,4.795715570449829
1518,4.922426700592041
1519,4.805605888366699
1519,4.778287649154663
1519,4.768660068511963
1520,4.9202611446380615
1520,4.771755456924439
1520,4.80257248878479
1520,4.796603202819824
1521,5.071306943893433
1521,5.005160808563232
1521,4.507519245147705
1521,4.930814743041992
1522,5.033424139022827
1522,5.113757610321045
1523,5.04488205909729
1523,4.93135666847229
1523,4.9816062450408936
1524,4.89665412902832
1524,4.848599433898926
1524,4.862388610839844
1524,4.79853105545044
1525,4.848876476287842
1525,4.769309282302856
1526,5.122374057769775
1526,4.935982704162598
1527,5.102511167526245
1527,5.144742250442505
1527,5.124406576156616
1527,5.125752687454224
1527,5.048514366149902
1527,5.033780336380005
1527,5.170791864395142
1528,4.939973831176758
1528,4.906708002090454
1528,5.053506374359131
1529,4.932362079620361
1529,5.033463478088379
1529,4.929736852645874
1530,5.201393127441406
1530,5.001746892929077
1531,5.084590196609497
1532,4.934032678604126
1533,5.03196382522583
1534,5.044738054275513
1535,4.897190809249878
1535,5.032009363174439
1537,5.191139936447144
1539,5.200869560241699
1540,4.833716154098511
1541,5.163869619369507
1542,5.303066968917847
1543,5.167824983596802
1544,5.082644939422607
1544,5.256850957870483
1544,5.254795074462891
1545,5.2261810302734375
1546,5.252903699874878
1547,5.258311986923218
1547,5.287059307098389
1548,5.329878330230713
1549,5.133899688720703
1550,5.055211305618286
1551,5.0318591594696045
1552,4.964361906051636
1553,5.127849578857422
1554,5.124024152755737
1554,5.082380294799805
1555,5.146068572998047
1555,5.4434814453125
1555,5.244364738464356
1559,5.75588846206665
1560,5.490207195281982
1560,5.460472822189331
1561,5.375182390213013
1562,5.57249641418457
1562,5.234538316726685
1565,5.234036684036255
1572,5.360575675964356
1588,5.758408308029175
1689,7.464853286743164
